Protein	Protein ID	Entry Name	Gene	Protein Length	Organism	Protein Existence	Description	Protein Probability	Top Peptide Probability	Combined Total Peptides	Combined Spectral Count	Combined Unique Spectral Count	Combined Total Spectral Count	Donor24_Thermolysin_A Spectral Count	Donor24_Thermolysin_B Spectral Count	Donor24_Thermolysin_C Spectral Count	Donor24_Thermolysin_D Spectral Count	Donor24_Thermolysin_E Spectral Count	Donor24_Thermolysin_F Spectral Count	Donor24_Thermolysin_FT Spectral Count	Donor24_Thermolysin_G Spectral Count	Donor24_Thermolysin_H Spectral Count	Donor29_Thermolysin_A Spectral Count	Donor29_Thermolysin_B Spectral Count	Donor29_Thermolysin_C Spectral Count	Donor29_Thermolysin_D Spectral Count	Donor29_Thermolysin_E Spectral Count	Donor29_Thermolysin_F Spectral Count	Donor29_Thermolysin_FT Spectral Count	Donor29_Thermolysin_G Spectral Count	Donor29_Thermolysin_H Spectral Count	Donor30_Thermolysin_A Spectral Count	Donor30_Thermolysin_B Spectral Count	Donor30_Thermolysin_C Spectral Count	Donor30_Thermolysin_D Spectral Count	Donor30_Thermolysin_E Spectral Count	Donor30_Thermolysin_F Spectral Count	Donor30_Thermolysin_FT Spectral Count	Donor30_Thermolysin_G Spectral Count	Donor30_Thermolysin_H Spectral Count	Donor24_Thermolysin_A Unique Spectral Count	Donor24_Thermolysin_B Unique Spectral Count	Donor24_Thermolysin_C Unique Spectral Count	Donor24_Thermolysin_D Unique Spectral Count	Donor24_Thermolysin_E Unique Spectral Count	Donor24_Thermolysin_F Unique Spectral Count	Donor24_Thermolysin_FT Unique Spectral Count	Donor24_Thermolysin_G Unique Spectral Count	Donor24_Thermolysin_H Unique Spectral Count	Donor29_Thermolysin_A Unique Spectral Count	Donor29_Thermolysin_B Unique Spectral Count	Donor29_Thermolysin_C Unique Spectral Count	Donor29_Thermolysin_D Unique Spectral Count	Donor29_Thermolysin_E Unique Spectral Count	Donor29_Thermolysin_F Unique Spectral Count	Donor29_Thermolysin_FT Unique Spectral Count	Donor29_Thermolysin_G Unique Spectral Count	Donor29_Thermolysin_H Unique Spectral Count	Donor30_Thermolysin_A Unique Spectral Count	Donor30_Thermolysin_B Unique Spectral Count	Donor30_Thermolysin_C Unique Spectral Count	Donor30_Thermolysin_D Unique Spectral Count	Donor30_Thermolysin_E Unique Spectral Count	Donor30_Thermolysin_F Unique Spectral Count	Donor30_Thermolysin_FT Unique Spectral Count	Donor30_Thermolysin_G Unique Spectral Count	Donor30_Thermolysin_H Unique Spectral Count	Donor24_Thermolysin_A Total Spectral Count	Donor24_Thermolysin_B Total Spectral Count	Donor24_Thermolysin_C Total Spectral Count	Donor24_Thermolysin_D Total Spectral Count	Donor24_Thermolysin_E Total Spectral Count	Donor24_Thermolysin_F Total Spectral Count	Donor24_Thermolysin_FT Total Spectral Count	Donor24_Thermolysin_G Total Spectral Count	Donor24_Thermolysin_H Total Spectral Count	Donor29_Thermolysin_A Total Spectral Count	Donor29_Thermolysin_B Total Spectral Count	Donor29_Thermolysin_C Total Spectral Count	Donor29_Thermolysin_D Total Spectral Count	Donor29_Thermolysin_E Total Spectral Count	Donor29_Thermolysin_F Total Spectral Count	Donor29_Thermolysin_FT Total Spectral Count	Donor29_Thermolysin_G Total Spectral Count	Donor29_Thermolysin_H Total Spectral Count	Donor30_Thermolysin_A Total Spectral Count	Donor30_Thermolysin_B Total Spectral Count	Donor30_Thermolysin_C Total Spectral Count	Donor30_Thermolysin_D Total Spectral Count	Donor30_Thermolysin_E Total Spectral Count	Donor30_Thermolysin_F Total Spectral Count	Donor30_Thermolysin_FT Total Spectral Count	Donor30_Thermolysin_G Total Spectral Count	Donor30_Thermolysin_H Total Spectral Count	Donor24_Thermolysin_A Intensity	Donor24_Thermolysin_B Intensity	Donor24_Thermolysin_C Intensity	Donor24_Thermolysin_D Intensity	Donor24_Thermolysin_E Intensity	Donor24_Thermolysin_F Intensity	Donor24_Thermolysin_FT Intensity	Donor24_Thermolysin_G Intensity	Donor24_Thermolysin_H Intensity	Donor29_Thermolysin_A Intensity	Donor29_Thermolysin_B Intensity	Donor29_Thermolysin_C Intensity	Donor29_Thermolysin_D Intensity	Donor29_Thermolysin_E Intensity	Donor29_Thermolysin_F Intensity	Donor29_Thermolysin_FT Intensity	Donor29_Thermolysin_G Intensity	Donor29_Thermolysin_H Intensity	Donor30_Thermolysin_A Intensity	Donor30_Thermolysin_B Intensity	Donor30_Thermolysin_C Intensity	Donor30_Thermolysin_D Intensity	Donor30_Thermolysin_E Intensity	Donor30_Thermolysin_F Intensity	Donor30_Thermolysin_FT Intensity	Donor30_Thermolysin_G Intensity	Donor30_Thermolysin_H Intensity	Donor24_Thermolysin_A MaxLFQ Intensity	Donor24_Thermolysin_B MaxLFQ Intensity	Donor24_Thermolysin_C MaxLFQ Intensity	Donor24_Thermolysin_D MaxLFQ Intensity	Donor24_Thermolysin_E MaxLFQ Intensity	Donor24_Thermolysin_F MaxLFQ Intensity	Donor24_Thermolysin_FT MaxLFQ Intensity	Donor24_Thermolysin_G MaxLFQ Intensity	Donor24_Thermolysin_H MaxLFQ Intensity	Donor29_Thermolysin_A MaxLFQ Intensity	Donor29_Thermolysin_B MaxLFQ Intensity	Donor29_Thermolysin_C MaxLFQ Intensity	Donor29_Thermolysin_D MaxLFQ Intensity	Donor29_Thermolysin_E MaxLFQ Intensity	Donor29_Thermolysin_F MaxLFQ Intensity	Donor29_Thermolysin_FT MaxLFQ Intensity	Donor29_Thermolysin_G MaxLFQ Intensity	Donor29_Thermolysin_H MaxLFQ Intensity	Donor30_Thermolysin_A MaxLFQ Intensity	Donor30_Thermolysin_B MaxLFQ Intensity	Donor30_Thermolysin_C MaxLFQ Intensity	Donor30_Thermolysin_D MaxLFQ Intensity	Donor30_Thermolysin_E MaxLFQ Intensity	Donor30_Thermolysin_F MaxLFQ Intensity	Donor30_Thermolysin_FT MaxLFQ Intensity	Donor30_Thermolysin_G MaxLFQ Intensity	Donor30_Thermolysin_H MaxLFQ Intensity	Indistinguishable Proteins
sp|A0A075B6I6|LV150_HUMAN	A0A075B6I6	LV150_HUMAN	IGLV1-50	118	Homo sapiens OX=9606	1:Experimental evidence at protein level	Probable non-functional immunoglobulin lambda variable 1-50	1.0	0.996	1	3	3	3	0	0	0	1	0	0	0	0	0	0	0	0	1	0	0	0	0	0	0	0	0	1	0	0	0	0	0	0	0	0	1	0	0	0	0	0	0	0	0	1	0	0	0	0	0	0	0	0	1	0	0	0	0	0	0	0	0	1	0	0	0	0	0	0	0	0	1	0	0	0	0	0	0	0	0	1	0	0	0	0	0	0.0	0.0	0.0	6.5036016E7	0.0	0.0	0.0	0.0	0.0	0.0	0.0	0.0	2.7841488E8	0.0	0.0	0.0	0.0	0.0	0.0	0.0	0.0	7.5662424E7	0.0	0.0	0.0	0.0	0.0	0.0	0.0	0.0	0.0	0.0	0.0	0.0	0.0	0.0	0.0	0.0	0.0	0.0	0.0	0.0	0.0	0.0	0.0	0.0	0.0	0.0	0.0	0.0	0.0	0.0	0.0	0.0	
sp|A0A0B4J2D9|KVD13_HUMAN	A0A0B4J2D9	KVD13_HUMAN	IGKV1D-13	117	Homo sapiens OX=9606	3:Protein inferred from homology	Immunoglobulin kappa variable 1D-13	1.0	0.9972	3	20	0	20	0	0	5	3	0	0	0	0	0	0	1	3	3	0	0	0	0	0	0	0	3	2	0	0	0	0	0	0	0	0	0	0	0	0	0	0	0	0	0	0	0	0	0	0	0	0	0	0	0	0	0	0	0	0	0	0	5	3	0	0	0	0	0	0	1	3	3	0	0	0	0	0	0	0	3	2	0	0	0	0	0	0.0	0.0	1.63449126E9	6.58384E8	0.0	0.0	0.0	0.0	0.0	0.0	1.5584724E7	3.33244288E9	1.1367049E9	0.0	0.0	0.0	0.0	0.0	0.0	0.0	2.2449367E9	2.5244976E8	0.0	0.0	0.0	0.0	0.0	0.0	0.0	5.3888787E8	2.84251392E8	0.0	0.0	0.0	0.0	0.0	0.0	0.0	1.20529933E9	3.44412736E8	0.0	0.0	0.0	0.0	0.0	0.0	0.0	1.41651674E9	1.7654048E8	0.0	0.0	0.0	0.0	0.0	sp|P0DP09|KV113_HUMAN
sp|A0A0C4DH35|HV335_HUMAN	A0A0C4DH35	HV335_HUMAN	IGHV3-35	117	Homo sapiens OX=9606	1:Experimental evidence at protein level	Probable non-functional immunoglobulin heavy variable 3-35	1.0	0.9931	1	1	0	1	0	0	0	0	0	0	0	0	0	0	0	1	0	0	0	0	0	0	0	0	0	0	0	0	0	0	0	0	0	0	0	0	0	0	0	0	0	0	0	0	0	0	0	0	0	0	0	0	0	0	0	0	0	0	0	0	0	0	0	0	0	0	0	0	0	1	0	0	0	0	0	0	0	0	0	0	0	0	0	0	0	0.0	0.0	0.0	0.0	0.0	0.0	0.0	0.0	0.0	0.0	0.0	7.4417264E7	0.0	0.0	0.0	0.0	0.0	0.0	0.0	0.0	0.0	0.0	0.0	0.0	0.0	0.0	0.0	0.0	0.0	0.0	0.0	0.0	0.0	0.0	0.0	0.0	0.0	0.0	0.0	0.0	0.0	0.0	0.0	0.0	0.0	0.0	0.0	0.0	0.0	0.0	0.0	0.0	0.0	0.0	
sp|B9A064|IGLL5_HUMAN	B9A064	IGLL5_HUMAN	IGLL5	214	Homo sapiens OX=9606	2:Experimental evidence at transcript level	Immunoglobulin lambda-like polypeptide 5	1.0	0.9985	4	17	0	19	3	3	0	0	0	0	0	0	0	3	4	0	0	0	0	0	0	0	2	1	1	0	0	0	0	0	0	0	0	0	0	0	0	0	0	0	0	0	0	0	0	0	0	0	0	0	0	0	0	0	0	0	0	0	4	4	0	0	0	0	0	0	0	3	4	0	0	0	0	0	0	0	2	1	1	0	0	0	0	0	0	1.18036006E9	5.1877734E9	6.5918936E7	0.0	0.0	0.0	0.0	0.0	0.0	2.32393779E9	5.4199501E9	0.0	0.0	0.0	0.0	0.0	0.0	0.0	5.4588723E8	8.3311312E7	1.6331029E7	0.0	0.0	0.0	0.0	0.0	0.0	9.7507245E8	1.57121805E9	0.0	0.0	0.0	0.0	0.0	0.0	0.0	1.98919142E9	2.53032653E9	0.0	0.0	0.0	0.0	0.0	0.0	0.0	5.11988064E8	0.0	0.0	0.0	0.0	0.0	0.0	0.0	0.0	sp|P0CG04|IGLC1_HUMAN
sp|O00555-2|CAC1A_HUMAN	O00555-2	CAC1A_HUMAN	CACNA1A	2266	Homo sapiens OX=9606		Isoform 2 of Voltage-dependent P/Q-type calcium channel subunit alpha-1A	0.56	0.9436	1	1	0	1	0	0	0	0	0	0	0	0	0	0	0	0	1	0	0	0	0	0	0	0	0	0	0	0	0	0	0	0	0	0	0	0	0	0	0	0	0	0	0	0	0	0	0	0	0	0	0	0	0	0	0	0	0	0	0	0	0	0	0	0	0	0	0	0	0	0	1	0	0	0	0	0	0	0	0	0	0	0	0	0	0	0.0	0.0	0.0	0.0	0.0	0.0	0.0	0.0	0.0	0.0	0.0	0.0	0.0	0.0	0.0	0.0	0.0	0.0	0.0	0.0	0.0	0.0	0.0	0.0	0.0	0.0	0.0	0.0	0.0	0.0	0.0	0.0	0.0	0.0	0.0	0.0	0.0	0.0	0.0	0.0	0.0	0.0	0.0	0.0	0.0	0.0	0.0	0.0	0.0	0.0	0.0	0.0	0.0	0.0	sp|O00555-3|CAC1A_HUMAN, sp|O00555-4|CAC1A_HUMAN, sp|O00555-5|CAC1A_HUMAN, sp|O00555-6|CAC1A_HUMAN, sp|O00555|CAC1A_HUMAN, sp|Q00975-2|CAC1B_HUMAN, sp|Q00975|CAC1B_HUMAN, sp|Q15878-2|CAC1E_HUMAN, sp|Q15878-3|CAC1E_HUMAN, sp|Q15878|CAC1E_HUMAN
sp|O14791-2|APOL1_HUMAN	O14791-2	APOL1_HUMAN	APOL1	414	Homo sapiens OX=9606		Isoform 2 of Apolipoprotein L1	1.0	0.9976	2	10	0	10	0	3	0	0	0	0	0	0	0	0	5	0	0	0	0	0	0	0	0	2	0	0	0	0	0	0	0	0	0	0	0	0	0	0	0	0	0	0	0	0	0	0	0	0	0	0	0	0	0	0	0	0	0	0	0	3	0	0	0	0	0	0	0	0	5	0	0	0	0	0	0	0	0	2	0	0	0	0	0	0	0	0.0	2.34414608E8	0.0	0.0	0.0	0.0	0.0	0.0	0.0	0.0	5.9095379E8	3.2731368E7	8635747.0	0.0	0.0	0.0	0.0	0.0	0.0	1.73123712E8	0.0	0.0	0.0	0.0	0.0	0.0	0.0	0.0	6.4398024E7	0.0	0.0	0.0	0.0	0.0	0.0	0.0	0.0	1.46695696E8	2.0942634E7	5365877.5	0.0	0.0	0.0	0.0	0.0	0.0	1.10556744E8	0.0	0.0	0.0	0.0	0.0	0.0	0.0	sp|O14791-3|APOL1_HUMAN, sp|O14791|APOL1_HUMAN
sp|O43866|CD5L_HUMAN	O43866	CD5L_HUMAN	CD5L	347	Homo sapiens OX=9606	1:Experimental evidence at protein level	CD5 antigen-like	1.0	0.9985	2	8	8	8	0	1	1	0	0	0	0	0	0	0	1	2	0	0	0	0	0	0	0	1	1	1	0	0	0	0	0	0	1	1	0	0	0	0	0	0	0	1	2	0	0	0	0	0	0	0	1	1	1	0	0	0	0	0	0	1	1	0	0	0	0	0	0	0	1	2	0	0	0	0	0	0	0	1	1	1	0	0	0	0	0	0.0	1.30278618E9	3.0628336E8	0.0	0.0	0.0	0.0	0.0	0.0	0.0	6.4363218E9	2.26428544E9	1889504.1	0.0	0.0	0.0	0.0	0.0	0.0	2.92284493E9	1.41459968E9	1.9772832E8	0.0	0.0	0.0	0.0	0.0	0.0	0.0	0.0	0.0	0.0	0.0	0.0	0.0	0.0	0.0	0.0	0.0	0.0	0.0	0.0	0.0	0.0	0.0	0.0	0.0	0.0	0.0	0.0	0.0	0.0	0.0	0.0	
sp|O95445-2|APOM_HUMAN	O95445-2	APOM_HUMAN	APOM	116	Homo sapiens OX=9606		Isoform 2 of Apolipoprotein M	0.99	0.9294	1	3	0	3	0	1	0	0	0	0	0	0	0	0	1	0	0	0	0	0	0	0	1	0	0	0	0	0	0	0	0	0	0	0	0	0	0	0	0	0	0	0	0	0	0	0	0	0	0	0	0	0	0	0	0	0	0	0	0	1	0	0	0	0	0	0	0	0	1	0	0	0	0	0	0	0	1	0	0	0	0	0	0	0	0	0.0	2.6266264E7	0.0	0.0	0.0	0.0	0.0	0.0	0.0	0.0	5.63592E7	0.0	0.0	0.0	0.0	0.0	0.0	0.0	3.0312902E7	0.0	0.0	0.0	0.0	0.0	0.0	0.0	0.0	0.0	0.0	0.0	0.0	0.0	0.0	0.0	0.0	0.0	0.0	0.0	0.0	0.0	0.0	0.0	0.0	0.0	0.0	0.0	0.0	0.0	0.0	0.0	0.0	0.0	0.0	0.0	sp|O95445|APOM_HUMAN
sp|P00450|CERU_HUMAN	P00450	CERU_HUMAN	CP	1065	Homo sapiens OX=9606	1:Experimental evidence at protein level	Ceruloplasmin	1.0	0.9907	7	14	14	14	2	2	2	1	0	0	0	0	0	0	3	1	1	0	0	0	0	0	0	1	1	0	0	0	0	0	0	2	2	2	1	0	0	0	0	0	0	3	1	1	0	0	0	0	0	0	1	1	0	0	0	0	0	0	2	2	2	1	0	0	0	0	0	0	3	1	1	0	0	0	0	0	0	1	1	0	0	0	0	0	0	7.5340192E7	5.7879366E8	1.40162288E8	1.7439702E7	0.0	0.0	0.0	0.0	0.0	0.0	5.4855962E8	0.0	7.506568E7	0.0	0.0	0.0	0.0	0.0	0.0	2.40631488E8	3.750696E7	0.0	0.0	0.0	0.0	0.0	0.0	1.80269904E8	2.24879616E8	1.09001128E8	0.0	0.0	0.0	0.0	0.0	0.0	0.0	2.1800264E8	0.0	0.0	0.0	0.0	0.0	0.0	0.0	0.0	0.0	0.0	0.0	0.0	0.0	0.0	0.0	0.0	
sp|P00734|THRB_HUMAN	P00734	THRB_HUMAN	F2	622	Homo sapiens OX=9606	1:Experimental evidence at protein level	Prothrombin	1.0	0.9489	2	4	4	4	1	0	1	0	0	0	0	0	0	0	0	1	0	0	0	0	0	0	1	0	0	0	0	0	0	0	0	1	0	1	0	0	0	0	0	0	0	0	1	0	0	0	0	0	0	1	0	0	0	0	0	0	0	0	1	0	1	0	0	0	0	0	0	0	0	1	0	0	0	0	0	0	1	0	0	0	0	0	0	0	0	1.8760608E7	1.00689856E8	6.6633792E7	0.0	0.0	0.0	0.0	0.0	0.0	0.0	0.0	2.0882384E8	1.04979232E8	0.0	0.0	0.0	0.0	0.0	1.5958664E7	0.0	0.0	0.0	0.0	0.0	0.0	0.0	0.0	0.0	0.0	0.0	0.0	0.0	0.0	0.0	0.0	0.0	0.0	0.0	0.0	0.0	0.0	0.0	0.0	0.0	0.0	0.0	0.0	0.0	0.0	0.0	0.0	0.0	0.0	0.0	
sp|P00738-2|HPT_HUMAN	P00738-2	HPT_HUMAN	HP	347	Homo sapiens OX=9606		Isoform 2 of Haptoglobin	1.0	0.9955	9	36	0	36	2	3	2	0	0	0	0	0	0	2	6	1	5	1	1	0	0	0	1	4	1	3	1	1	1	1	0	0	0	0	0	0	0	0	0	0	0	0	0	0	0	0	0	0	0	0	0	0	0	0	0	0	0	0	2	3	2	0	0	0	0	0	0	2	6	1	5	1	1	0	0	0	1	4	1	3	1	1	1	1	0	1.08595374E10	3.39669222E9	1.16359526E9	0.0	0.0	0.0	0.0	0.0	0.0	2.75700224E10	9.8602742E9	1.74300326E9	9.5539654E8	5.9801452E7	1.6292159E7	0.0	0.0	0.0	2.00526971E10	5.8257152E9	1.61755802E9	5.908576E8	4.5844912E7	1.9810572E7	2.5993698E7	1.5780033E7	0.0	1.15068498E10	3.51828326E9	5.5038144E8	0.0	0.0	0.0	0.0	0.0	0.0	0.0	6.9522427E9	0.0	5.29146464E8	0.0	0.0	0.0	0.0	0.0	0.0	5.4322975E9	0.0	5.9471706E8	0.0	0.0	0.0	0.0	0.0	sp|P00738|HPT_HUMAN
sp|P00751|CFAB_HUMAN	P00751	CFAB_HUMAN	CFB	764	Homo sapiens OX=9606	1:Experimental evidence at protein level	Complement factor B	1.0	0.9926	2	7	6	7	0	0	1	0	0	0	0	0	0	0	1	1	1	0	0	0	0	0	0	0	2	1	0	0	0	0	0	0	0	1	0	0	0	0	0	0	0	0	1	1	0	0	0	0	0	0	0	2	1	0	0	0	0	0	0	0	1	0	0	0	0	0	0	0	1	1	1	0	0	0	0	0	0	0	2	1	0	0	0	0	0	0.0	0.0	2.78356128E8	0.0	0.0	0.0	0.0	0.0	0.0	0.0	6.3174387E8	3.5130944E8	1.25208288E8	0.0	0.0	0.0	0.0	0.0	0.0	0.0	7.0073613E8	1.41543648E8	0.0	0.0	0.0	0.0	0.0	0.0	0.0	0.0	0.0	0.0	0.0	0.0	0.0	0.0	0.0	0.0	0.0	0.0	0.0	0.0	0.0	0.0	0.0	0.0	0.0	0.0	0.0	0.0	0.0	0.0	0.0	0.0	
sp|P01008|ANT3_HUMAN	P01008	ANT3_HUMAN	SERPINC1	464	Homo sapiens OX=9606	1:Experimental evidence at protein level	Antithrombin-III	0.95	0.996	1	3	3	3	1	0	0	0	0	0	0	0	0	1	0	0	0	0	0	0	0	0	1	0	0	0	0	0	0	0	0	1	0	0	0	0	0	0	0	0	1	0	0	0	0	0	0	0	0	1	0	0	0	0	0	0	0	0	1	0	0	0	0	0	0	0	0	1	0	0	0	0	0	0	0	0	1	0	0	0	0	0	0	0	0	5.152714E7	0.0	0.0	0.0	0.0	0.0	0.0	0.0	0.0	4.7369616E7	0.0	0.0	0.0	0.0	0.0	0.0	0.0	0.0	4.4837788E7	0.0	0.0	0.0	0.0	0.0	0.0	0.0	0.0	0.0	0.0	0.0	0.0	0.0	0.0	0.0	0.0	0.0	0.0	0.0	0.0	0.0	0.0	0.0	0.0	0.0	0.0	0.0	0.0	0.0	0.0	0.0	0.0	0.0	0.0	0.0	
sp|P01009|A1AT_HUMAN	P01009	A1AT_HUMAN	SERPINA1	418	Homo sapiens OX=9606	1:Experimental evidence at protein level	Alpha-1-antitrypsin	1.0	0.9969	14	102	94	102	5	9	10	5	1	0	0	0	1	2	10	14	8	2	1	0	0	0	2	11	13	6	0	1	0	1	0	4	9	10	4	0	0	0	0	0	2	10	13	7	2	1	0	0	0	2	11	13	5	0	1	0	0	0	5	9	10	5	1	0	0	0	1	2	10	14	8	2	1	0	0	0	2	11	13	6	0	1	0	1	0	2.09192141E9	1.4293206E10	6.7379057E9	8.4095872E8	6.0772192E7	0.0	0.0	0.0	3716950.8	1.23010918E9	9.4881075E9	1.01054935E10	1.55505587E9	1.61721968E8	1.8055018E7	0.0	0.0	0.0	1.05359795E9	7.1175736E9	9.5596575E9	1.26510131E9	0.0	1.156995E7	0.0	9417759.0	0.0	3.1069207E9	1.7449495E9	1.46299558E9	3.89456672E8	0.0	0.0	0.0	0.0	0.0	1.64299942E9	2.2273961E9	1.57886477E9	4.92751744E8	1.47130416E8	0.0	0.0	0.0	0.0	7.5965005E8	1.95557082E9	1.9130377E9	8.2679962E8	0.0	0.0	0.0	0.0	0.0	
sp|P01011|AACT_HUMAN	P01011	AACT_HUMAN	SERPINA3	423	Homo sapiens OX=9606	1:Experimental evidence at protein level	Alpha-1-antichymotrypsin	1.0	0.9633	5	11	8	11	2	2	0	0	0	0	0	0	0	2	0	2	0	0	0	0	0	0	0	2	1	0	0	0	0	0	0	1	1	0	0	0	0	0	0	0	1	0	2	0	0	0	0	0	0	0	2	1	0	0	0	0	0	0	2	2	0	0	0	0	0	0	0	2	0	2	0	0	0	0	0	0	0	2	1	0	0	0	0	0	0	4.68427776E8	1.58311296E8	0.0	0.0	0.0	0.0	0.0	0.0	0.0	5.5773498E8	0.0	4.45927872E8	0.0	0.0	0.0	0.0	0.0	0.0	0.0	1.2655112E8	3.8520216E7	0.0	0.0	0.0	0.0	0.0	0.0	0.0	1.33252448E8	0.0	0.0	0.0	0.0	0.0	0.0	0.0	0.0	0.0	0.0	0.0	0.0	0.0	0.0	0.0	0.0	0.0	6.2459796E7	0.0	0.0	0.0	0.0	0.0	0.0	0.0	
sp|P01019|ANGT_HUMAN	P01019	ANGT_HUMAN	AGT	485	Homo sapiens OX=9606	1:Experimental evidence at protein level	Angiotensinogen	1.0	0.9271	2	4	4	4	1	1	0	0	0	0	0	0	0	0	0	0	0	0	0	0	0	0	0	2	0	0	0	0	0	0	0	1	1	0	0	0	0	0	0	0	0	0	0	0	0	0	0	0	0	0	2	0	0	0	0	0	0	0	1	1	0	0	0	0	0	0	0	0	0	0	0	0	0	0	0	0	0	2	0	0	0	0	0	0	0	1.05284032E8	1.7899872E8	0.0	0.0	0.0	0.0	0.0	0.0	0.0	0.0	0.0	0.0	0.0	0.0	0.0	0.0	0.0	0.0	0.0	1.31715616E8	0.0	0.0	0.0	0.0	0.0	0.0	0.0	0.0	1.3519504E8	0.0	0.0	0.0	0.0	0.0	0.0	0.0	0.0	0.0	0.0	0.0	0.0	0.0	0.0	0.0	0.0	0.0	1.12595488E8	0.0	0.0	0.0	0.0	0.0	0.0	0.0	
sp|P01023|A2MG_HUMAN	P01023	A2MG_HUMAN	A2M	1474	Homo sapiens OX=9606	1:Experimental evidence at protein level	Alpha-2-macroglobulin	1.0	0.9968	37	193	183	193	7	14	22	8	2	0	0	0	1	5	29	27	20	1	0	0	0	0	3	17	16	16	2	1	0	2	0	7	14	19	7	2	0	0	0	0	5	29	26	18	1	0	0	0	0	3	17	15	16	2	1	0	1	0	7	14	22	8	2	0	0	0	1	5	29	27	20	1	0	0	0	0	3	17	16	16	2	1	0	2	0	5.6326789E9	2.87131525E10	9.047638E9	1.44400051E9	4.5806928E8	0.0	0.0	0.0	1.0525929E7	8.0051236E9	4.0192188E10	2.95760609E10	3.47368858E9	8.4026064E7	0.0	0.0	0.0	0.0	3.78538624E8	1.18390057E10	7.8306939E9	2.19458893E9	1.308134E8	2.0865506E7	0.0	1.26402416E8	0.0	3.18814541E9	4.641195E9	1.73739712E9	8.7310682E8	1.02631664E8	0.0	0.0	0.0	0.0	3.35239731E9	5.1214387E9	4.01787725E9	6.7645683E8	0.0	0.0	0.0	0.0	0.0	1.70806989E9	5.3870996E9	3.05175322E9	7.3994227E8	1.80935104E8	0.0	0.0	3.2907712E8	0.0	
sp|P01024|CO3_HUMAN	P01024	CO3_HUMAN	C3	1663	Homo sapiens OX=9606	1:Experimental evidence at protein level	Complement C3	1.0	0.9952	21	46	46	46	3	7	5	0	0	0	0	0	0	1	8	6	2	0	1	0	0	0	0	9	2	2	0	0	0	0	0	3	7	5	0	0	0	0	0	0	1	8	6	2	0	1	0	0	0	0	9	2	2	0	0	0	0	0	3	7	5	0	0	0	0	0	0	1	8	6	2	0	1	0	0	0	0	9	2	2	0	0	0	0	0	1.39413274E9	1.46603571E10	4.846122E9	0.0	0.0	0.0	0.0	0.0	0.0	5.3525664E8	5.9275167E9	5.6482458E9	5.6149741E8	0.0	7248032.0	0.0	0.0	0.0	0.0	4.6025953E9	8.8052472E7	2.2212264E7	0.0	0.0	0.0	0.0	0.0	9.2430035E8	2.42438579E9	6.5094093E8	0.0	0.0	0.0	0.0	0.0	0.0	0.0	3.01325568E9	7.2094477E8	1.86586208E8	0.0	0.0	0.0	0.0	0.0	0.0	2.65912422E9	3.80408416E8	2.13697904E8	0.0	0.0	0.0	0.0	0.0	
sp|P01031|CO5_HUMAN	P01031	CO5_HUMAN	C5	1676	Homo sapiens OX=9606	1:Experimental evidence at protein level	Complement C5	1.0	0.9677	7	12	12	12	4	0	1	1	0	0	0	0	0	1	0	0	2	0	0	0	0	0	0	0	1	2	0	0	0	0	0	4	0	1	1	0	0	0	0	0	1	0	0	2	0	0	0	0	0	0	0	1	2	0	0	0	0	0	4	0	1	1	0	0	0	0	0	1	0	0	2	0	0	0	0	0	0	0	1	2	0	0	0	0	0	2.03932083E9	0.0	2.4927924E7	3.487762E7	0.0	0.0	0.0	0.0	0.0	3.92281568E8	0.0	0.0	1.22593552E8	0.0	0.0	0.0	0.0	0.0	0.0	0.0	2.6771816E7	1.61940192E8	0.0	0.0	0.0	0.0	0.0	0.0	0.0	0.0	0.0	0.0	0.0	0.0	0.0	0.0	0.0	0.0	0.0	1.42486512E8	0.0	0.0	0.0	0.0	0.0	0.0	0.0	0.0	8.3235688E7	0.0	0.0	0.0	0.0	0.0	
sp|P01033|TIMP1_HUMAN	P01033	TIMP1_HUMAN	TIMP1	207	Homo sapiens OX=9606	1:Experimental evidence at protein level	Metalloproteinase inhibitor 1	0.49	0.9266	1	2	2	2	0	1	0	0	0	0	0	0	0	0	1	0	0	0	0	0	0	0	0	0	0	0	0	0	0	0	0	0	1	0	0	0	0	0	0	0	0	1	0	0	0	0	0	0	0	0	0	0	0	0	0	0	0	0	0	1	0	0	0	0	0	0	0	0	1	0	0	0	0	0	0	0	0	0	0	0	0	0	0	0	0	0.0	8591424.0	0.0	0.0	0.0	0.0	0.0	0.0	0.0	0.0	1.7106136E7	0.0	0.0	0.0	0.0	0.0	0.0	0.0	0.0	0.0	0.0	0.0	0.0	0.0	0.0	0.0	0.0	0.0	0.0	0.0	0.0	0.0	0.0	0.0	0.0	0.0	0.0	0.0	0.0	0.0	0.0	0.0	0.0	0.0	0.0	0.0	0.0	0.0	0.0	0.0	0.0	0.0	0.0	0.0	
sp|P01699|LV144_HUMAN	P01699	LV144_HUMAN	IGLV1-44	117	Homo sapiens OX=9606	1:Experimental evidence at protein level	Immunoglobulin lambda variable 1-44	0.99	0.95	1	1	0	1	0	0	0	0	0	0	0	0	0	0	0	0	0	0	0	0	0	0	0	1	0	0	0	0	0	0	0	0	0	0	0	0	0	0	0	0	0	0	0	0	0	0	0	0	0	0	0	0	0	0	0	0	0	0	0	0	0	0	0	0	0	0	0	0	0	0	0	0	0	0	0	0	0	1	0	0	0	0	0	0	0	0.0	0.0	0.0	0.0	0.0	0.0	0.0	0.0	0.0	0.0	0.0	0.0	0.0	0.0	0.0	0.0	0.0	0.0	0.0	0.0	0.0	0.0	0.0	0.0	0.0	0.0	0.0	0.0	0.0	0.0	0.0	0.0	0.0	0.0	0.0	0.0	0.0	0.0	0.0	0.0	0.0	0.0	0.0	0.0	0.0	0.0	0.0	0.0	0.0	0.0	0.0	0.0	0.0	0.0	sp|P01700|LV147_HUMAN
sp|P01705|LV223_HUMAN	P01705	LV223_HUMAN	IGLV2-23	113	Homo sapiens OX=9606	1:Experimental evidence at protein level	Immunoglobulin lambda variable 2-23	1.0	0.9986	1	15	15	15	0	0	3	2	0	0	0	0	0	0	0	3	2	1	0	0	0	0	0	0	2	2	0	0	0	0	0	0	0	3	2	0	0	0	0	0	0	0	3	2	1	0	0	0	0	0	0	2	2	0	0	0	0	0	0	0	3	2	0	0	0	0	0	0	0	3	2	1	0	0	0	0	0	0	2	2	0	0	0	0	0	0.0	0.0	6.0560518E8	3.59659264E8	0.0	0.0	0.0	0.0	0.0	0.0	0.0	2.08085798E9	8.746016E8	3.3547548E7	0.0	0.0	0.0	0.0	0.0	0.0	1.14553664E9	3.3637056E8	0.0	0.0	0.0	0.0	0.0	0.0	0.0	2.994592E8	1.93957792E8	0.0	0.0	0.0	0.0	0.0	0.0	0.0	1.0438615E9	3.82986496E8	0.0	0.0	0.0	0.0	0.0	0.0	0.0	1.01351136E9	1.858496E8	0.0	0.0	0.0	0.0	0.0	
sp|P01714|LV319_HUMAN	P01714	LV319_HUMAN	IGLV3-19	112	Homo sapiens OX=9606	1:Experimental evidence at protein level	Immunoglobulin lambda variable 3-19	0.82	0.9833	1	3	3	3	0	0	1	0	0	0	0	0	0	0	0	1	0	0	0	0	0	0	0	0	1	0	0	0	0	0	0	0	0	1	0	0	0	0	0	0	0	0	1	0	0	0	0	0	0	0	0	1	0	0	0	0	0	0	0	0	1	0	0	0	0	0	0	0	0	1	0	0	0	0	0	0	0	0	1	0	0	0	0	0	0	0.0	0.0	4.31569E7	0.0	0.0	0.0	0.0	0.0	0.0	0.0	0.0	2.9991832E7	0.0	0.0	0.0	0.0	0.0	0.0	0.0	0.0	4.888936E7	0.0	0.0	0.0	0.0	0.0	0.0	0.0	0.0	0.0	0.0	0.0	0.0	0.0	0.0	0.0	0.0	0.0	0.0	0.0	0.0	0.0	0.0	0.0	0.0	0.0	0.0	0.0	0.0	0.0	0.0	0.0	0.0	0.0	
sp|P01715|LV301_HUMAN	P01715	LV301_HUMAN	IGLV3-1	115	Homo sapiens OX=9606	1:Experimental evidence at protein level	Immunoglobulin lambda variable 3-1	0.9	0.9916	1	1	1	1	0	0	0	0	0	0	0	0	0	0	0	1	0	0	0	0	0	0	0	0	0	0	0	0	0	0	0	0	0	0	0	0	0	0	0	0	0	0	1	0	0	0	0	0	0	0	0	0	0	0	0	0	0	0	0	0	0	0	0	0	0	0	0	0	0	1	0	0	0	0	0	0	0	0	0	0	0	0	0	0	0	0.0	0.0	0.0	0.0	0.0	0.0	0.0	0.0	0.0	0.0	0.0	1.03754304E8	0.0	0.0	0.0	0.0	0.0	0.0	0.0	0.0	0.0	0.0	0.0	0.0	0.0	0.0	0.0	0.0	0.0	0.0	0.0	0.0	0.0	0.0	0.0	0.0	0.0	0.0	0.0	0.0	0.0	0.0	0.0	0.0	0.0	0.0	0.0	0.0	0.0	0.0	0.0	0.0	0.0	0.0	
sp|P01717|LV325_HUMAN	P01717	LV325_HUMAN	IGLV3-25	112	Homo sapiens OX=9606	1:Experimental evidence at protein level	Immunoglobulin lambda variable 3-25	1.0	0.9954	1	4	4	4	0	0	1	0	0	0	0	0	0	0	0	1	1	0	0	0	0	0	0	0	0	1	0	0	0	0	0	0	0	1	0	0	0	0	0	0	0	0	1	1	0	0	0	0	0	0	0	0	1	0	0	0	0	0	0	0	1	0	0	0	0	0	0	0	0	1	1	0	0	0	0	0	0	0	0	1	0	0	0	0	0	0.0	0.0	4.5243796E7	0.0	0.0	0.0	0.0	0.0	0.0	0.0	0.0	5.7568836E7	1.53332192E8	0.0	0.0	0.0	0.0	0.0	0.0	0.0	0.0	7.7429728E7	0.0	0.0	0.0	0.0	0.0	0.0	0.0	0.0	0.0	0.0	0.0	0.0	0.0	0.0	0.0	0.0	0.0	0.0	0.0	0.0	0.0	0.0	0.0	0.0	0.0	0.0	0.0	0.0	0.0	0.0	0.0	0.0	
sp|P01718|LV327_HUMAN	P01718	LV327_HUMAN	IGLV3-27	113	Homo sapiens OX=9606	1:Experimental evidence at protein level	Immunoglobulin lambda variable 3-27	1.0	0.9486	1	5	5	5	1	0	0	0	0	0	0	0	0	0	0	1	0	0	0	0	0	0	1	1	0	1	0	0	0	0	0	1	0	0	0	0	0	0	0	0	0	0	1	0	0	0	0	0	0	1	1	0	1	0	0	0	0	0	1	0	0	0	0	0	0	0	0	0	0	1	0	0	0	0	0	0	1	1	0	1	0	0	0	0	0	1.71768528E8	3.58406912E8	3.906356E7	0.0	0.0	0.0	0.0	0.0	0.0	0.0	0.0	4.7888364E7	1.0236116E7	0.0	0.0	0.0	0.0	0.0	2.83833728E8	4.61232544E8	0.0	1.5779429E7	0.0	0.0	0.0	0.0	0.0	0.0	0.0	0.0	0.0	0.0	0.0	0.0	0.0	0.0	0.0	0.0	0.0	0.0	0.0	0.0	0.0	0.0	0.0	0.0	0.0	0.0	0.0	0.0	0.0	0.0	0.0	0.0	
sp|P01768|HV330_HUMAN	P01768	HV330_HUMAN	IGHV3-30	117	Homo sapiens OX=9606	1:Experimental evidence at protein level	Immunoglobulin heavy variable 3-30	0.9	0.9918	1	2	0	2	0	0	0	0	0	0	0	0	0	0	1	0	0	0	0	0	0	0	0	1	0	0	0	0	0	0	0	0	0	0	0	0	0	0	0	0	0	0	0	0	0	0	0	0	0	0	0	0	0	0	0	0	0	0	0	0	0	0	0	0	0	0	0	0	1	0	0	0	0	0	0	0	0	1	0	0	0	0	0	0	0	0.0	0.0	0.0	0.0	0.0	0.0	0.0	0.0	0.0	0.0	2.5148182E7	0.0	0.0	0.0	0.0	0.0	0.0	0.0	0.0	0.0	0.0	0.0	0.0	0.0	0.0	0.0	0.0	0.0	0.0	0.0	0.0	0.0	0.0	0.0	0.0	0.0	0.0	0.0	0.0	0.0	0.0	0.0	0.0	0.0	0.0	0.0	0.0	0.0	0.0	0.0	0.0	0.0	0.0	0.0	sp|P01772|HV333_HUMAN, sp|P0DP02|HVC33_HUMAN, sp|P0DP03|HVC05_HUMAN
sp|P01834|IGKC_HUMAN	P01834	IGKC_HUMAN	IGKC	107	Homo sapiens OX=9606	1:Experimental evidence at protein level	Immunoglobulin kappa constant	1.0	0.9586	2	6	6	6	0	1	1	0	0	0	0	0	0	0	0	1	1	0	0	0	0	0	1	1	0	0	0	0	0	0	0	0	1	1	0	0	0	0	0	0	0	0	1	1	0	0	0	0	0	1	1	0	0	0	0	0	0	0	0	1	1	0	0	0	0	0	0	0	0	1	1	0	0	0	0	0	1	1	0	0	0	0	0	0	0	0.0	7.9440456E7	1.6467E7	0.0	0.0	0.0	0.0	0.0	0.0	0.0	0.0	1.65678544E8	6957341.5	0.0	0.0	0.0	0.0	0.0	2.1653026E7	1.2075592E8	0.0	0.0	0.0	0.0	0.0	0.0	0.0	0.0	0.0	0.0	0.0	0.0	0.0	0.0	0.0	0.0	0.0	0.0	0.0	0.0	0.0	0.0	0.0	0.0	0.0	0.0	0.0	0.0	0.0	0.0	0.0	0.0	0.0	0.0	
sp|P01857|IGHG1_HUMAN	P01857	IGHG1_HUMAN	IGHG1	330	Homo sapiens OX=9606	1:Experimental evidence at protein level	Immunoglobulin heavy constant gamma 1	1.0	0.9972	13	105	7	105	3	2	10	6	5	0	0	0	1	2	7	15	20	4	0	0	0	0	1	5	7	12	4	0	0	1	0	1	0	0	0	0	0	0	0	0	1	1	1	0	0	0	0	0	0	0	0	0	1	1	0	0	1	0	3	2	10	6	5	0	0	0	1	2	7	15	20	4	0	0	0	0	1	5	7	12	4	0	0	1	0	1.10845645E9	3.02272794E9	1.01042831E11	9.6065254E8	4.1527168E7	0.0	0.0	0.0	0.0	1.17790976E9	2.43961344E9	4.0998138E10	3.19568241E10	4.8062812E9	0.0	0.0	0.0	0.0	6.5769446E8	4.8845476E10	1.20585712E8	1.34096005E10	5.4318564E7	0.0	0.0	3274048.8	0.0	5.23001496E11	1.96945306E9	9.7465446E9	3.34684595E9	0.0	0.0	0.0	0.0	0.0	3.77172951E11	3.76731264E9	1.84145879E10	6.1069537E9	8.025799E8	0.0	0.0	0.0	0.0	0.0	5.6103475E9	0.0	1.17629788E10	0.0	0.0	0.0	0.0	0.0	
sp|P01871|IGHM_HUMAN	P01871	IGHM_HUMAN	IGHM	453	Homo sapiens OX=9606	1:Experimental evidence at protein level	Immunoglobulin heavy constant mu	1.0	0.9889	9	24	4	24	5	0	0	1	0	0	0	0	0	0	5	4	4	0	0	0	0	0	1	2	1	0	0	1	0	0	0	2	0	0	0	0	0	0	0	0	0	1	0	1	0	0	0	0	0	0	0	0	0	0	0	0	0	0	5	0	0	1	0	0	0	0	0	0	5	4	4	0	0	0	0	0	1	2	1	0	0	1	0	0	0	3.92098227E9	5.621465E8	3.30559072E8	1.9267976E7	0.0	0.0	0.0	0.0	0.0	0.0	3.16958182E9	7.9330854E8	4.11394125E9	0.0	0.0	0.0	0.0	0.0	3.95988096E8	1.28913968E8	1.22446336E9	0.0	0.0	5.32563328E8	0.0	0.0	0.0	1.05039386E9	9.0463322E8	0.0	0.0	0.0	0.0	0.0	0.0	0.0	0.0	1.32499584E9	1.0642871E9	9.55474E7	0.0	0.0	0.0	0.0	0.0	0.0	6.7341171E8	0.0	0.0	0.0	0.0	0.0	0.0	0.0	
sp|P01876|IGHA1_HUMAN	P01876	IGHA1_HUMAN	IGHA1	353	Homo sapiens OX=9606	1:Experimental evidence at protein level	Immunoglobulin heavy constant alpha 1	1.0	0.9724	2	2	1	2	0	0	0	0	0	0	0	0	0	0	1	0	0	0	0	0	0	0	0	0	0	1	0	0	0	0	0	0	0	0	0	0	0	0	0	0	0	1	0	0	0	0	0	0	0	0	0	0	0	0	0	0	0	0	0	0	0	0	0	0	0	0	0	0	1	0	0	0	0	0	0	0	0	0	0	1	0	0	0	0	0	0.0	0.0	0.0	0.0	0.0	0.0	0.0	0.0	0.0	0.0	1.08790752E8	0.0	0.0	0.0	0.0	0.0	0.0	0.0	0.0	0.0	0.0	4.9464124E7	0.0	0.0	0.0	0.0	0.0	0.0	0.0	0.0	0.0	0.0	0.0	0.0	0.0	0.0	0.0	0.0	0.0	0.0	0.0	0.0	0.0	0.0	0.0	0.0	0.0	0.0	0.0	0.0	0.0	0.0	0.0	0.0	
sp|P02647|APOA1_HUMAN	P02647	APOA1_HUMAN	APOA1	267	Homo sapiens OX=9606	1:Experimental evidence at protein level	Apolipoprotein A-I	1.0	0.9733	3	11	11	11	0	1	2	0	0	0	0	0	0	0	1	1	2	0	0	0	0	0	0	2	1	1	0	0	0	0	0	0	1	2	0	0	0	0	0	0	0	1	1	2	0	0	0	0	0	0	2	1	1	0	0	0	0	0	0	1	2	0	0	0	0	0	0	0	1	1	2	0	0	0	0	0	0	2	1	1	0	0	0	0	0	0.0	9.3450118E8	4.83179456E8	0.0	0.0	0.0	0.0	0.0	0.0	0.0	7.2012384E8	7.1103955E8	9.7005728E7	0.0	0.0	0.0	0.0	0.0	0.0	8.3304006E8	1.154617E7	1.01583232E8	0.0	0.0	0.0	0.0	0.0	0.0	6.8034541E8	4.7322912E8	0.0	0.0	0.0	0.0	0.0	0.0	0.0	0.0	5.25649504E8	8.9833208E7	0.0	0.0	0.0	0.0	0.0	0.0	6.1600211E8	0.0	0.0	0.0	0.0	0.0	0.0	0.0	
sp|P02649|APOE_HUMAN	P02649	APOE_HUMAN	APOE	317	Homo sapiens OX=9606	1:Experimental evidence at protein level	Apolipoprotein E	1.0	0.992	4	13	13	13	1	2	0	0	0	0	0	0	0	2	3	1	0	0	0	0	0	0	1	3	0	0	0	0	0	0	0	1	2	0	0	0	0	0	0	0	2	3	1	0	0	0	0	0	0	1	3	0	0	0	0	0	0	0	1	2	0	0	0	0	0	0	0	2	3	1	0	0	0	0	0	0	1	3	0	0	0	0	0	0	0	3.005227E7	2.10320016E8	0.0	0.0	0.0	0.0	0.0	0.0	0.0	2.3359776E8	4.08047072E8	5.761544E7	0.0	0.0	0.0	0.0	0.0	0.0	8.3434232E7	3.02681568E8	0.0	0.0	0.0	0.0	0.0	0.0	0.0	0.0	9.0883672E7	0.0	0.0	0.0	0.0	0.0	0.0	0.0	1.67910352E8	2.50265136E8	0.0	0.0	0.0	0.0	0.0	0.0	0.0	0.0	1.5571704E8	0.0	0.0	0.0	0.0	0.0	0.0	0.0	
sp|P02671-2|FIBA_HUMAN	P02671-2	FIBA_HUMAN	FGA	644	Homo sapiens OX=9606		Isoform 2 of Fibrinogen alpha chain	1.0	0.9987	5	25	0	25	0	1	1	2	0	0	0	0	0	0	5	3	4	0	0	0	0	0	0	3	2	3	1	0	0	0	0	0	0	0	0	0	0	0	0	0	0	0	0	0	0	0	0	0	0	0	0	0	0	0	0	0	0	0	0	1	1	2	0	0	0	0	0	0	5	3	4	0	0	0	0	0	0	3	2	3	1	0	0	0	0	0.0	6.5150458E8	1.51651264E8	2.5011086E7	0.0	0.0	0.0	0.0	0.0	0.0	7.3946714E8	4.6779177E9	4.7495613E9	0.0	0.0	0.0	0.0	0.0	0.0	7.2809773E8	3.4375319E9	2.93382938E9	3.45212544E8	0.0	0.0	0.0	0.0	0.0	2.67220685E9	0.0	0.0	0.0	0.0	0.0	0.0	0.0	0.0	5.8082058E9	1.94215667E9	4.45704992E8	0.0	0.0	0.0	0.0	0.0	0.0	4.05700198E9	1.43210266E9	4.35063872E8	0.0	0.0	0.0	0.0	0.0	sp|P02671|FIBA_HUMAN
sp|P02675|FIBB_HUMAN	P02675	FIBB_HUMAN	FGB	491	Homo sapiens OX=9606	1:Experimental evidence at protein level	Fibrinogen beta chain	1.0	0.998	9	54	54	54	0	6	6	3	0	0	0	0	0	0	5	8	7	1	0	0	0	0	0	6	6	5	1	0	0	0	0	0	6	6	3	0	0	0	0	0	0	5	8	7	1	0	0	0	0	0	6	6	5	1	0	0	0	0	0	6	6	3	0	0	0	0	0	0	5	8	7	1	0	0	0	0	0	6	6	5	1	0	0	0	0	0.0	6.446785E9	2.35030374E9	1.62271728E8	0.0	0.0	0.0	0.0	0.0	0.0	3.43819085E9	6.0598851E9	1.02350976E9	2.386343E7	0.0	0.0	0.0	0.0	0.0	1.7794368E9	2.3880704E9	4.26798592E8	2.3762396E7	0.0	0.0	0.0	0.0	0.0	8.7600474E8	5.06856704E8	1.13526672E8	0.0	0.0	0.0	0.0	0.0	0.0	1.90234419E9	1.61100288E9	2.36603408E8	0.0	0.0	0.0	0.0	0.0	0.0	1.23019277E9	1.16279027E9	2.21334592E8	0.0	0.0	0.0	0.0	0.0	
sp|P02679-2|FIBG_HUMAN	P02679-2	FIBG_HUMAN	FGG	437	Homo sapiens OX=9606		Isoform Gamma-A of Fibrinogen gamma chain	1.0	0.9978	12	60	0	60	3	7	6	1	0	0	0	0	0	2	7	11	7	0	0	0	0	0	3	5	6	2	0	0	0	0	0	0	0	0	0	0	0	0	0	0	0	0	0	0	0	0	0	0	0	0	0	0	0	0	0	0	0	0	3	7	6	1	0	0	0	0	0	2	7	11	7	0	0	0	0	0	3	5	6	2	0	0	0	0	0	8.0184678E8	7.4676859E9	6.1867356E9	1.42756992E8	0.0	0.0	0.0	0.0	0.0	6.1593171E8	6.7144069E9	3.75812096E9	5.6490253E8	0.0	0.0	0.0	0.0	0.0	1.21600909E9	7.6103726E9	2.0039689E9	1.2175703E9	0.0	0.0	0.0	0.0	0.0	9.9109216E8	2.71442355E9	1.27999411E9	0.0	0.0	0.0	0.0	0.0	0.0	1.58570509E9	2.48256461E9	1.53171546E9	5.34574624E8	0.0	0.0	0.0	0.0	0.0	1.14725478E9	3.2657047E9	6.4725939E8	6.7954528E8	0.0	0.0	0.0	0.0	0.0	sp|P02679|FIBG_HUMAN
sp|P02741|CRP_HUMAN	P02741	CRP_HUMAN	CRP	224	Homo sapiens OX=9606	1:Experimental evidence at protein level	C-reactive protein	1.0	0.9716	1	4	4	4	1	2	0	0	0	0	0	0	0	0	0	0	0	0	0	0	0	0	0	1	0	0	0	0	0	0	0	1	2	0	0	0	0	0	0	0	0	0	0	0	0	0	0	0	0	0	1	0	0	0	0	0	0	0	1	2	0	0	0	0	0	0	0	0	0	0	0	0	0	0	0	0	0	1	0	0	0	0	0	0	0	2.049268E7	4.829832E7	0.0	0.0	0.0	0.0	0.0	0.0	0.0	0.0	0.0	0.0	0.0	0.0	0.0	0.0	0.0	0.0	0.0	2.4608964E7	0.0	0.0	0.0	0.0	0.0	0.0	0.0	0.0	0.0	0.0	0.0	0.0	0.0	0.0	0.0	0.0	0.0	0.0	0.0	0.0	0.0	0.0	0.0	0.0	0.0	0.0	0.0	0.0	0.0	0.0	0.0	0.0	0.0	0.0	
sp|P02743|SAMP_HUMAN	P02743	SAMP_HUMAN	APCS	223	Homo sapiens OX=9606	1:Experimental evidence at protein level	Serum amyloid P-component	1.0	0.9644	2	2	2	2	0	0	0	0	0	0	0	0	0	0	0	1	0	0	0	0	0	0	1	0	0	0	0	0	0	0	0	0	0	0	0	0	0	0	0	0	0	0	1	0	0	0	0	0	0	1	0	0	0	0	0	0	0	0	0	0	0	0	0	0	0	0	0	0	0	1	0	0	0	0	0	0	1	0	0	0	0	0	0	0	0	0.0	0.0	0.0	0.0	0.0	0.0	0.0	0.0	0.0	0.0	0.0	2.7048508E7	0.0	0.0	0.0	0.0	0.0	0.0	1.7549426E7	0.0	0.0	0.0	0.0	0.0	0.0	0.0	0.0	0.0	0.0	0.0	0.0	0.0	0.0	0.0	0.0	0.0	0.0	0.0	0.0	0.0	0.0	0.0	0.0	0.0	0.0	0.0	0.0	0.0	0.0	0.0	0.0	0.0	0.0	0.0	
sp|P02746|C1QB_HUMAN	P02746	C1QB_HUMAN	C1QB	253	Homo sapiens OX=9606	1:Experimental evidence at protein level	Complement C1q subcomponent subunit B	1.0	0.9501	4	7	7	7	1	0	2	0	0	0	0	0	0	0	0	3	0	0	0	0	0	0	0	0	0	1	0	0	0	0	0	1	0	2	0	0	0	0	0	0	0	0	3	0	0	0	0	0	0	0	0	0	1	0	0	0	0	0	1	0	2	0	0	0	0	0	0	0	0	3	0	0	0	0	0	0	0	0	0	1	0	0	0	0	0	1.5092855E9	4.46044992E8	1.17295008E8	0.0	0.0	0.0	0.0	0.0	0.0	0.0	0.0	9.2296902E8	1.5872236E7	0.0	0.0	0.0	0.0	0.0	0.0	0.0	0.0	4.3615688E7	0.0	0.0	0.0	0.0	0.0	0.0	2.90897216E8	2.80348672E8	0.0	0.0	0.0	0.0	0.0	0.0	0.0	0.0	2.43229264E8	0.0	0.0	0.0	0.0	0.0	0.0	0.0	0.0	0.0	0.0	0.0	0.0	0.0	0.0	0.0	
sp|P02747|C1QC_HUMAN	P02747	C1QC_HUMAN	C1QC	245	Homo sapiens OX=9606	1:Experimental evidence at protein level	Complement C1q subcomponent subunit C	1.0	0.998	3	19	19	19	0	2	2	0	0	0	0	0	0	0	3	4	1	0	0	0	0	0	0	3	2	2	0	0	0	0	0	0	2	2	0	0	0	0	0	0	0	3	4	1	0	0	0	0	0	0	3	2	2	0	0	0	0	0	0	2	2	0	0	0	0	0	0	0	3	4	1	0	0	0	0	0	0	3	2	2	0	0	0	0	0	0.0	1.92871206E9	1.30958925E9	0.0	0.0	0.0	0.0	0.0	0.0	0.0	5.8226181E9	4.3034276E9	5.21137344E8	0.0	0.0	0.0	0.0	0.0	0.0	3.38697984E9	6.665543E8	4.40474208E8	0.0	0.0	0.0	0.0	0.0	0.0	1.60397901E9	6.5943558E8	0.0	0.0	0.0	0.0	0.0	0.0	0.0	4.3083689E9	1.94609498E9	2.62212064E8	0.0	0.0	0.0	0.0	0.0	0.0	2.7410775E9	1.34558054E9	2.75791968E8	0.0	0.0	0.0	0.0	0.0	
sp|P02748|CO9_HUMAN	P02748	CO9_HUMAN	C9	559	Homo sapiens OX=9606	1:Experimental evidence at protein level	Complement component C9	1.0	0.9083	4	5	5	5	1	0	1	0	0	0	0	0	0	0	1	1	0	0	0	0	0	0	0	0	0	1	0	0	0	0	0	1	0	1	0	0	0	0	0	0	0	1	1	0	0	0	0	0	0	0	0	0	1	0	0	0	0	0	1	0	1	0	0	0	0	0	0	0	1	1	0	0	0	0	0	0	0	0	0	1	0	0	0	0	0	6.3579044E7	4.2961888E7	4.7058312E7	0.0	0.0	0.0	0.0	0.0	0.0	0.0	0.0	1.21886752E8	0.0	0.0	0.0	0.0	0.0	0.0	0.0	0.0	0.0	1.0199845E7	0.0	0.0	0.0	0.0	0.0	0.0	0.0	0.0	0.0	0.0	0.0	0.0	0.0	0.0	0.0	0.0	0.0	0.0	0.0	0.0	0.0	0.0	0.0	0.0	0.0	0.0	0.0	0.0	0.0	0.0	0.0	0.0	
sp|P02749|APOH_HUMAN	P02749	APOH_HUMAN	APOH	345	Homo sapiens OX=9606	1:Experimental evidence at protein level	Beta-2-glycoprotein 1	1.0	0.9936	3	13	13	13	0	1	0	1	0	0	0	0	0	0	2	3	2	0	0	0	0	0	0	1	2	1	0	0	0	0	0	0	1	0	1	0	0	0	0	0	0	2	3	2	0	0	0	0	0	0	1	2	1	0	0	0	0	0	0	1	0	1	0	0	0	0	0	0	2	3	2	0	0	0	0	0	0	1	2	1	0	0	0	0	0	0.0	1.30791296E9	3.1046704E7	3.349025E7	0.0	0.0	0.0	0.0	0.0	0.0	7.158912E8	4.7936992E8	1.01848768E8	0.0	0.0	0.0	0.0	0.0	0.0	2.48267728E8	2.82179712E8	5.2586152E7	0.0	0.0	0.0	0.0	0.0	0.0	9.8001286E8	0.0	0.0	0.0	0.0	0.0	0.0	0.0	0.0	8.8392915E8	2.07787872E8	4.037318E7	0.0	0.0	0.0	0.0	0.0	0.0	0.0	2.07162592E8	0.0	0.0	0.0	0.0	0.0	0.0	
sp|P02751-14|FINC_HUMAN	P02751-14	FINC_HUMAN	FN1	2265	Homo sapiens OX=9606		Isoform 14 of Fibronectin	1.0	0.9787	7	13	0	13	0	1	0	0	0	0	0	0	0	1	6	1	2	0	0	0	0	0	0	2	0	0	0	0	0	0	0	0	0	0	0	0	0	0	0	0	0	0	0	0	0	0	0	0	0	0	0	0	0	0	0	0	0	0	0	1	0	0	0	0	0	0	0	1	6	1	2	0	0	0	0	0	0	2	0	0	0	0	0	0	0	0.0	8.4210861E8	0.0	0.0	0.0	0.0	0.0	0.0	0.0	4.5028784E7	2.3931712E9	2.27013344E8	1.57180122E9	0.0	0.0	0.0	0.0	0.0	0.0	3.52319168E8	0.0	0.0	0.0	0.0	0.0	0.0	0.0	0.0	1.09903232E9	0.0	0.0	0.0	0.0	0.0	0.0	0.0	0.0	1.76666278E9	0.0	5.7834272E7	0.0	0.0	0.0	0.0	0.0	0.0	1.62041958E9	0.0	0.0	0.0	0.0	0.0	0.0	0.0	sp|P02751-8|FINC_HUMAN, sp|P02751-9|FINC_HUMAN
sp|P02760|AMBP_HUMAN	P02760	AMBP_HUMAN	AMBP	352	Homo sapiens OX=9606	1:Experimental evidence at protein level	Protein AMBP	1.0	0.958	2	2	2	2	0	0	0	0	0	0	0	0	0	0	1	1	0	0	0	0	0	0	0	0	0	0	0	0	0	0	0	0	0	0	0	0	0	0	0	0	0	1	1	0	0	0	0	0	0	0	0	0	0	0	0	0	0	0	0	0	0	0	0	0	0	0	0	0	1	1	0	0	0	0	0	0	0	0	0	0	0	0	0	0	0	0.0	0.0	0.0	0.0	0.0	0.0	0.0	0.0	0.0	0.0	2.58014672E8	7.3895112E7	0.0	0.0	0.0	0.0	0.0	0.0	0.0	0.0	0.0	0.0	0.0	0.0	0.0	0.0	0.0	0.0	0.0	0.0	0.0	0.0	0.0	0.0	0.0	0.0	0.0	0.0	0.0	0.0	0.0	0.0	0.0	0.0	0.0	0.0	0.0	0.0	0.0	0.0	0.0	0.0	0.0	0.0	
sp|P02763|A1AG1_HUMAN	P02763	A1AG1_HUMAN	ORM1	201	Homo sapiens OX=9606	1:Experimental evidence at protein level	Alpha-1-acid glycoprotein 1	1.0	0.9817	1	2	0	2	0	0	0	0	0	0	0	0	0	0	1	0	0	0	0	0	0	0	0	1	0	0	0	0	0	0	0	0	0	0	0	0	0	0	0	0	0	0	0	0	0	0	0	0	0	0	0	0	0	0	0	0	0	0	0	0	0	0	0	0	0	0	0	0	1	0	0	0	0	0	0	0	0	1	0	0	0	0	0	0	0	0.0	0.0	0.0	0.0	0.0	0.0	0.0	0.0	0.0	0.0	6.4671128E7	0.0	0.0	0.0	0.0	0.0	0.0	0.0	0.0	5.0854004E7	0.0	0.0	0.0	0.0	0.0	0.0	0.0	0.0	0.0	0.0	0.0	0.0	0.0	0.0	0.0	0.0	0.0	0.0	0.0	0.0	0.0	0.0	0.0	0.0	0.0	0.0	0.0	0.0	0.0	0.0	0.0	0.0	0.0	0.0	
sp|P02766|TTHY_HUMAN	P02766	TTHY_HUMAN	TTR	147	Homo sapiens OX=9606	1:Experimental evidence at protein level	Transthyretin	1.0	0.9904	5	16	16	16	3	1	1	1	0	0	0	0	0	2	0	1	1	0	0	0	0	0	2	1	1	1	0	1	0	0	0	3	1	1	1	0	0	0	0	0	2	0	1	1	0	0	0	0	0	2	1	1	1	0	1	0	0	0	3	1	1	1	0	0	0	0	0	2	0	1	1	0	0	0	0	0	2	1	1	1	0	1	0	0	0	1.40722266E9	1.8245736E8	3.0229726E7	6.7578768E7	0.0	0.0	0.0	0.0	0.0	1.64942643E9	0.0	1.5939696E8	5.9710784E7	0.0	0.0	0.0	0.0	0.0	1.86307328E9	1.92646144E8	8.7157968E7	1.1424402E7	0.0	6179861.0	0.0	0.0	0.0	1.0572249E9	0.0	0.0	0.0	0.0	0.0	0.0	0.0	0.0	1.47123046E9	0.0	1.19274928E8	0.0	0.0	0.0	0.0	0.0	0.0	1.38204787E9	0.0	0.0	0.0	0.0	0.0	0.0	0.0	0.0	
sp|P02768|ALBU_HUMAN	P02768	ALBU_HUMAN	ALB	609	Homo sapiens OX=9606	1:Experimental evidence at protein level	Albumin	1.0	0.9987	25	184	183	184	14	16	8	7	3	0	0	0	0	10	23	19	13	4	1	0	0	0	11	21	13	9	5	2	2	2	1	13	16	8	7	3	0	0	0	0	10	23	19	13	4	1	0	0	0	11	21	13	9	5	2	2	2	1	14	16	8	7	3	0	0	0	0	10	23	19	13	4	1	0	0	0	11	21	13	9	5	2	2	2	1	1.26192814E10	1.19608263E11	6.4197149E10	7.6107638E9	1.10807693E9	0.0	0.0	0.0	0.0	3.7750317E10	2.02474947E11	2.08526279E11	2.28609495E10	1.84398144E9	1.05387512E8	0.0	0.0	0.0	3.9039295E10	1.38988143E11	1.02984327E11	1.09541509E10	3.47349069E9	2.73573824E8	4.14346976E8	2.00078368E8	5.0516888E7	1.46144379E10	2.53974856E10	2.07685816E10	4.02593024E9	4.29357088E8	0.0	0.0	0.0	0.0	1.27756165E10	6.5018024E10	2.97818481E10	6.0829123E9	9.312647E8	0.0	0.0	0.0	0.0	6.9674467E10	6.527119E10	3.6668789E10	8.4916122E9	9.8223277E8	2.43752016E8	6.1174381E8	7.7586376E7	0.0	
sp|P02787|TRFE_HUMAN	P02787	TRFE_HUMAN	TF	698	Homo sapiens OX=9606	1:Experimental evidence at protein level	Serotransferrin	1.0	0.9911	12	37	37	37	3	3	3	3	0	0	0	0	0	2	5	4	3	0	0	0	0	0	3	3	3	2	0	0	0	0	0	3	3	3	3	0	0	0	0	0	2	5	4	3	0	0	0	0	0	3	3	3	2	0	0	0	0	0	3	3	3	3	0	0	0	0	0	2	5	4	3	0	0	0	0	0	3	3	3	2	0	0	0	0	0	1.38135757E9	1.04049592E10	1.94859315E9	6.1979496E7	0.0	0.0	0.0	0.0	0.0	1.26282112E9	2.97138202E9	2.91899622E9	5.6339226E8	0.0	0.0	0.0	0.0	0.0	4.3806694E9	6.5698519E9	9.879015E8	9.4348904E7	0.0	0.0	0.0	0.0	0.0	7.6559398E8	3.75953459E9	6.4170272E8	5.8510988E7	0.0	0.0	0.0	0.0	0.0	2.52355686E9	4.7276452E9	9.4182675E8	1.32490176E8	0.0	0.0	0.0	0.0	0.0	2.8401495E9	4.23818906E9	1.04309818E9	1.19520848E8	0.0	0.0	0.0	0.0	0.0	
sp|P02790|HEMO_HUMAN	P02790	HEMO_HUMAN	HPX	462	Homo sapiens OX=9606	1:Experimental evidence at protein level	Hemopexin	1.0	0.9962	7	21	21	21	1	1	1	2	0	0	0	0	0	0	4	2	4	0	0	0	0	0	1	1	3	1	0	0	0	0	0	1	1	1	2	0	0	0	0	0	0	4	2	4	0	0	0	0	0	1	1	3	1	0	0	0	0	0	1	1	1	2	0	0	0	0	0	0	4	2	4	0	0	0	0	0	1	1	3	1	0	0	0	0	0	2.21837491E9	8.9302285E8	1.39604544E8	2.42940826E9	0.0	0.0	0.0	0.0	0.0	0.0	1.72334477E9	4.20883904E8	3.26470848E8	0.0	0.0	0.0	0.0	0.0	2.20535603E9	3.19833728E8	5.9892538E8	0.0	0.0	0.0	0.0	0.0	0.0	0.0	0.0	0.0	7.3150784E7	0.0	0.0	0.0	0.0	0.0	0.0	1.28385805E9	5.5939008E8	1.49394192E8	0.0	0.0	0.0	0.0	0.0	0.0	0.0	4.80101024E8	0.0	0.0	0.0	0.0	0.0	0.0	
sp|P03952|KLKB1_HUMAN	P03952	KLKB1_HUMAN	KLKB1	638	Homo sapiens OX=9606	1:Experimental evidence at protein level	Plasma kallikrein	1.0	0.9841	3	5	5	5	0	0	0	0	0	0	0	0	0	0	3	0	0	0	0	0	0	0	0	1	1	0	0	0	0	0	0	0	0	0	0	0	0	0	0	0	0	3	0	0	0	0	0	0	0	0	1	1	0	0	0	0	0	0	0	0	0	0	0	0	0	0	0	0	3	0	0	0	0	0	0	0	0	1	1	0	0	0	0	0	0	0.0	0.0	0.0	0.0	0.0	0.0	0.0	0.0	0.0	0.0	5.0705328E8	0.0	0.0	0.0	0.0	0.0	0.0	0.0	0.0	1.67688208E8	3.96927E7	0.0	0.0	0.0	0.0	0.0	0.0	0.0	0.0	0.0	0.0	0.0	0.0	0.0	0.0	0.0	0.0	0.0	0.0	0.0	0.0	0.0	0.0	0.0	0.0	0.0	0.0	0.0	0.0	0.0	0.0	0.0	0.0	0.0	
sp|P04003|C4BPA_HUMAN	P04003	C4BPA_HUMAN	C4BPA	597	Homo sapiens OX=9606	1:Experimental evidence at protein level	C4b-binding protein alpha chain	1.0	0.9518	3	11	11	11	0	1	0	0	0	0	0	0	0	1	3	3	0	0	0	0	0	0	0	1	1	1	0	0	0	0	0	0	1	0	0	0	0	0	0	0	1	3	3	0	0	0	0	0	0	0	1	1	1	0	0	0	0	0	0	1	0	0	0	0	0	0	0	1	3	3	0	0	0	0	0	0	0	1	1	1	0	0	0	0	0	0.0	2.12423053E9	0.0	0.0	0.0	0.0	0.0	0.0	0.0	1.77033856E9	3.82518579E9	2.68301619E9	0.0	0.0	0.0	0.0	0.0	0.0	0.0	2.63418778E9	4.059636E7	1.3313693E7	0.0	0.0	0.0	0.0	0.0	0.0	0.0	0.0	0.0	0.0	0.0	0.0	0.0	0.0	0.0	0.0	0.0	0.0	0.0	0.0	0.0	0.0	0.0	0.0	0.0	0.0	0.0	0.0	0.0	0.0	0.0	0.0	
sp|P04004|VTNC_HUMAN	P04004	VTNC_HUMAN	VTN	478	Homo sapiens OX=9606	1:Experimental evidence at protein level	Vitronectin	1.0	0.998	6	27	27	27	0	1	1	0	0	0	0	0	0	0	2	7	5	0	0	0	0	0	0	2	4	5	0	0	0	0	0	0	1	1	0	0	0	0	0	0	0	2	7	5	0	0	0	0	0	0	2	4	5	0	0	0	0	0	0	1	1	0	0	0	0	0	0	0	2	7	5	0	0	0	0	0	0	2	4	5	0	0	0	0	0	0.0	4.96302688E8	2.50109901E9	0.0	0.0	0.0	0.0	0.0	0.0	0.0	2.82112928E8	7.3613998E9	3.00918093E9	0.0	0.0	0.0	0.0	0.0	0.0	2.88740672E8	2.31726336E9	8.4931226E8	0.0	0.0	0.0	0.0	0.0	0.0	1.86752208E8	8.9497222E8	0.0	0.0	0.0	0.0	0.0	0.0	0.0	7.0001357E8	2.30625408E9	3.73310944E8	0.0	0.0	0.0	0.0	0.0	0.0	0.0	1.70657536E9	3.2087744E8	0.0	0.0	0.0	0.0	0.0	
sp|P04114|APOB_HUMAN	P04114	APOB_HUMAN	APOB	4563	Homo sapiens OX=9606	1:Experimental evidence at protein level	Apolipoprotein B-100	1.0	0.9984	9	24	24	24	1	1	1	0	0	0	0	0	0	1	4	3	3	0	0	0	0	0	4	3	2	1	0	0	0	0	0	1	1	1	0	0	0	0	0	0	1	4	3	3	0	0	0	0	0	4	3	2	1	0	0	0	0	0	1	1	1	0	0	0	0	0	0	1	4	3	3	0	0	0	0	0	4	3	2	1	0	0	0	0	0	2.3738292E7	1.2850324E8	1.02800688E8	0.0	0.0	0.0	0.0	0.0	0.0	7.1651152E7	6.0423181E8	1.99084864E8	3.53033472E8	0.0	0.0	0.0	0.0	0.0	1.57082208E8	3.0661104E8	1.3370628E8	3.7880796E7	0.0	0.0	0.0	0.0	0.0	0.0	9.6367528E7	0.0	0.0	0.0	0.0	0.0	0.0	0.0	0.0	3.65738208E8	6.4311972E7	1.81523472E8	0.0	0.0	0.0	0.0	0.0	1.14724648E8	2.34403424E8	6.0810816E7	0.0	0.0	0.0	0.0	0.0	0.0	
sp|P04196|HRG_HUMAN	P04196	HRG_HUMAN	HRG	525	Homo sapiens OX=9606	1:Experimental evidence at protein level	Histidine-rich glycoprotein	1.0	0.9976	7	27	27	27	3	1	4	2	0	0	0	0	0	1	3	4	3	0	0	0	0	0	2	1	1	2	0	0	0	0	0	3	1	4	2	0	0	0	0	0	1	3	4	3	0	0	0	0	0	2	1	1	2	0	0	0	0	0	3	1	4	2	0	0	0	0	0	1	3	4	3	0	0	0	0	0	2	1	1	2	0	0	0	0	0	1.93946125E9	7.5580339E8	6.5102074E8	1.35165536E8	0.0	0.0	0.0	0.0	0.0	2.63928176E8	1.54473894E9	6.8973754E8	1.07362592E8	0.0	0.0	0.0	0.0	0.0	1.33090406E9	4.8884304E8	1.13473848E8	1.51695696E8	0.0	0.0	0.0	0.0	0.0	1.79849523E9	4.5021696E8	2.39818848E8	1.20637704E8	0.0	0.0	0.0	0.0	0.0	0.0	9.1115104E8	2.47576144E8	5.3864752E7	0.0	0.0	0.0	0.0	0.0	2.07232371E9	0.0	0.0	1.3368892E8	0.0	0.0	0.0	0.0	0.0	
sp|P04217-2|A1BG_HUMAN	P04217-2	A1BG_HUMAN	A1BG	373	Homo sapiens OX=9606		Isoform 2 of Alpha-1B-glycoprotein	1.0	0.9987	3	8	0	8	1	0	0	0	0	0	0	0	0	0	0	3	0	0	0	0	0	0	0	0	3	1	0	0	0	0	0	0	0	0	0	0	0	0	0	0	0	0	0	0	0	0	0	0	0	0	0	0	0	0	0	0	0	0	1	0	0	0	0	0	0	0	0	0	0	3	0	0	0	0	0	0	0	0	3	1	0	0	0	0	0	1.98633888E8	3.030362E7	0.0	0.0	0.0	0.0	0.0	0.0	0.0	0.0	0.0	6.5761043E8	4.4343112E7	0.0	0.0	0.0	0.0	0.0	0.0	0.0	5.35442336E8	4.0065724E7	0.0	0.0	0.0	0.0	0.0	0.0	0.0	0.0	0.0	0.0	0.0	0.0	0.0	0.0	0.0	0.0	2.64293792E8	0.0	0.0	0.0	0.0	0.0	0.0	0.0	0.0	2.15541808E8	0.0	0.0	0.0	0.0	0.0	0.0	sp|P04217|A1BG_HUMAN
sp|P04433|KV311_HUMAN	P04433	KV311_HUMAN	IGKV3-11	115	Homo sapiens OX=9606	1:Experimental evidence at protein level	Immunoglobulin kappa variable 3-11	1.0	0.9987	2	18	0	18	0	1	3	2	0	0	0	0	0	0	1	1	2	1	2	0	0	0	0	1	1	2	1	0	0	0	0	0	0	0	0	0	0	0	0	0	0	0	0	0	0	0	0	0	0	0	0	0	0	0	0	0	0	0	0	1	3	2	0	0	0	0	0	0	1	1	2	1	2	0	0	0	0	1	1	2	1	0	0	0	0	0.0	2.605448E8	2.73994138E9	8.91424E8	0.0	0.0	0.0	0.0	0.0	0.0	4.15496512E8	8.4874691E9	2.31554842E9	2.21658688E8	5.4144476E7	0.0	0.0	0.0	0.0	3.65611456E8	2.81383834E9	1.29711693E9	1.31949272E8	0.0	0.0	0.0	0.0	0.0	0.0	2.38088064E9	5.9466989E8	0.0	0.0	0.0	0.0	0.0	0.0	0.0	7.219006E9	1.54173555E9	0.0	5.6269908E7	0.0	0.0	0.0	0.0	0.0	0.0	9.8291373E8	0.0	0.0	0.0	0.0	0.0	
sp|P04908|H2A1B_HUMAN	P04908	H2A1B_HUMAN	H2AC8	130	Homo sapiens OX=9606	1:Experimental evidence at protein level	Histone H2A type 1-B/E	1.0	0.9253	1	5	0	5	2	0	0	0	0	0	0	0	0	1	0	0	0	0	0	0	0	0	2	0	0	0	0	0	0	0	0	0	0	0	0	0	0	0	0	0	0	0	0	0	0	0	0	0	0	0	0	0	0	0	0	0	0	0	2	0	0	0	0	0	0	0	0	1	0	0	0	0	0	0	0	0	2	0	0	0	0	0	0	0	0	4.24970848E8	0.0	0.0	0.0	0.0	0.0	0.0	0.0	0.0	1.00873856E8	0.0	0.0	0.0	0.0	0.0	0.0	0.0	0.0	3.46579456E8	0.0	0.0	0.0	0.0	0.0	0.0	0.0	0.0	2.5709048E8	0.0	0.0	0.0	0.0	0.0	0.0	0.0	0.0	0.0	0.0	0.0	0.0	0.0	0.0	0.0	0.0	0.0	2.06918416E8	0.0	0.0	0.0	0.0	0.0	0.0	0.0	0.0	sp|P0C0S8|H2A1_HUMAN, sp|P16104|H2AX_HUMAN, sp|P20671|H2A1D_HUMAN, sp|Q16777|H2A2C_HUMAN, sp|Q6FI13|H2A2A_HUMAN, sp|Q7L7L0|H2A3_HUMAN, sp|Q93077|H2A1C_HUMAN, sp|Q96KK5|H2A1H_HUMAN, sp|Q96QV6|H2A1A_HUMAN, sp|Q99878|H2A1J_HUMAN, sp|Q9BTM1-2|H2AJ_HUMAN, sp|Q9BTM1|H2AJ_HUMAN
sp|P05155-2|IC1_HUMAN	P05155-2	IC1_HUMAN	SERPING1	448	Homo sapiens OX=9606		Isoform 2 of Plasma protease C1 inhibitor	1.0	0.9235	3	5	0	5	0	0	1	0	0	0	0	0	0	0	2	0	0	0	0	0	0	0	0	1	1	0	0	0	0	0	0	0	0	0	0	0	0	0	0	0	0	0	0	0	0	0	0	0	0	0	0	0	0	0	0	0	0	0	0	0	1	0	0	0	0	0	0	0	2	0	0	0	0	0	0	0	0	1	1	0	0	0	0	0	0	0.0	1.9456104E7	5.2702896E7	0.0	0.0	0.0	0.0	0.0	0.0	0.0	2.06904768E8	0.0	0.0	0.0	0.0	0.0	0.0	0.0	0.0	4.00535104E8	1.11984408E8	0.0	0.0	0.0	0.0	0.0	0.0	0.0	0.0	0.0	0.0	0.0	0.0	0.0	0.0	0.0	0.0	0.0	0.0	0.0	0.0	0.0	0.0	0.0	0.0	0.0	0.0	0.0	0.0	0.0	0.0	0.0	0.0	0.0	sp|P05155-3|IC1_HUMAN, sp|P05155|IC1_HUMAN
sp|P06312|KV401_HUMAN	P06312	KV401_HUMAN	IGKV4-1	121	Homo sapiens OX=9606	1:Experimental evidence at protein level	Immunoglobulin kappa variable 4-1	1.0	0.9958	2	8	8	8	0	0	1	1	0	0	0	0	0	0	1	1	1	0	0	0	0	0	1	0	1	1	0	0	0	0	0	0	0	1	1	0	0	0	0	0	0	1	1	1	0	0	0	0	0	1	0	1	1	0	0	0	0	0	0	0	1	1	0	0	0	0	0	0	1	1	1	0	0	0	0	0	1	0	1	1	0	0	0	0	0	0.0	4.8768916E7	2.6743456E8	5.713452E7	0.0	0.0	0.0	0.0	0.0	0.0	7.3533608E7	1.14126426E9	1.86609984E8	0.0	0.0	0.0	0.0	0.0	2.2806576E7	0.0	1.14270259E9	9.543504E7	0.0	0.0	0.0	0.0	0.0	0.0	0.0	0.0	0.0	0.0	0.0	0.0	0.0	0.0	0.0	0.0	0.0	0.0	0.0	0.0	0.0	0.0	0.0	0.0	0.0	0.0	0.0	0.0	0.0	0.0	0.0	0.0	
sp|P06396|GELS_HUMAN	P06396	GELS_HUMAN	GSN	782	Homo sapiens OX=9606	1:Experimental evidence at protein level	Gelsolin	1.0	0.9793	2	9	9	9	0	1	3	0	0	0	0	0	0	0	0	1	0	0	0	0	0	0	0	1	3	0	0	0	0	0	0	0	1	3	0	0	0	0	0	0	0	0	1	0	0	0	0	0	0	0	1	3	0	0	0	0	0	0	0	1	3	0	0	0	0	0	0	0	0	1	0	0	0	0	0	0	0	1	3	0	0	0	0	0	0	0.0	1.77060416E8	5.7816077E8	0.0	0.0	0.0	0.0	0.0	0.0	0.0	0.0	1.05398925E9	1.51430496E8	0.0	0.0	0.0	0.0	0.0	0.0	7.3342848E7	7.7792826E8	0.0	0.0	0.0	0.0	0.0	0.0	0.0	1.19787E8	2.64918272E8	0.0	0.0	0.0	0.0	0.0	0.0	0.0	0.0	6.1662893E8	7.5963408E7	0.0	0.0	0.0	0.0	0.0	0.0	0.0	4.61776512E8	0.0	0.0	0.0	0.0	0.0	0.0	
sp|P07357|CO8A_HUMAN	P07357	CO8A_HUMAN	C8A	584	Homo sapiens OX=9606	1:Experimental evidence at protein level	Complement component C8 alpha chain	1.0	0.9971	2	2	2	2	1	0	0	0	0	0	0	0	0	0	1	0	0	0	0	0	0	0	0	0	0	0	0	0	0	0	0	1	0	0	0	0	0	0	0	0	0	1	0	0	0	0	0	0	0	0	0	0	0	0	0	0	0	0	1	0	0	0	0	0	0	0	0	0	1	0	0	0	0	0	0	0	0	0	0	0	0	0	0	0	0	4038860.5	0.0	0.0	0.0	0.0	0.0	0.0	0.0	0.0	0.0	6.6965092E7	0.0	0.0	0.0	0.0	0.0	0.0	0.0	0.0	0.0	0.0	0.0	0.0	0.0	0.0	0.0	0.0	0.0	0.0	0.0	0.0	0.0	0.0	0.0	0.0	0.0	0.0	0.0	0.0	0.0	0.0	0.0	0.0	0.0	0.0	0.0	0.0	0.0	0.0	0.0	0.0	0.0	0.0	0.0	
sp|P07358|CO8B_HUMAN	P07358	CO8B_HUMAN	C8B	591	Homo sapiens OX=9606	1:Experimental evidence at protein level	Complement component C8 beta chain	1.0	0.9432	1	2	2	2	1	0	0	0	0	0	0	0	0	0	0	0	0	0	0	0	0	0	1	0	0	0	0	0	0	0	0	1	0	0	0	0	0	0	0	0	0	0	0	0	0	0	0	0	0	1	0	0	0	0	0	0	0	0	1	0	0	0	0	0	0	0	0	0	0	0	0	0	0	0	0	0	1	0	0	0	0	0	0	0	0	6.9575184E7	0.0	0.0	0.0	0.0	0.0	0.0	0.0	0.0	0.0	0.0	0.0	0.0	0.0	0.0	0.0	0.0	0.0	6.6427584E7	0.0	0.0	0.0	0.0	0.0	0.0	0.0	0.0	0.0	0.0	0.0	0.0	0.0	0.0	0.0	0.0	0.0	0.0	0.0	0.0	0.0	0.0	0.0	0.0	0.0	0.0	0.0	0.0	0.0	0.0	0.0	0.0	0.0	0.0	0.0	
sp|P07942|LAMB1_HUMAN	P07942	LAMB1_HUMAN	LAMB1	1786	Homo sapiens OX=9606	1:Experimental evidence at protein level	Laminin subunit beta-1	0.66	0.9616	1	1	1	1	1	0	0	0	0	0	0	0	0	0	0	0	0	0	0	0	0	0	0	0	0	0	0	0	0	0	0	1	0	0	0	0	0	0	0	0	0	0	0	0	0	0	0	0	0	0	0	0	0	0	0	0	0	0	1	0	0	0	0	0	0	0	0	0	0	0	0	0	0	0	0	0	0	0	0	0	0	0	0	0	0	9214274.0	0.0	0.0	0.0	0.0	0.0	0.0	0.0	0.0	0.0	0.0	0.0	0.0	0.0	0.0	0.0	0.0	0.0	0.0	0.0	0.0	0.0	0.0	0.0	0.0	0.0	0.0	0.0	0.0	0.0	0.0	0.0	0.0	0.0	0.0	0.0	0.0	0.0	0.0	0.0	0.0	0.0	0.0	0.0	0.0	0.0	0.0	0.0	0.0	0.0	0.0	0.0	0.0	0.0	
sp|P08603|CFAH_HUMAN	P08603	CFAH_HUMAN	CFH	1231	Homo sapiens OX=9606	1:Experimental evidence at protein level	Complement factor H	1.0	0.9088	3	5	2	5	0	1	1	0	0	0	0	0	0	0	2	0	0	0	0	0	0	0	0	0	0	1	0	0	0	0	0	0	0	1	0	0	0	0	0	0	0	1	0	0	0	0	0	0	0	0	0	0	0	0	0	0	0	0	0	1	1	0	0	0	0	0	0	0	2	0	0	0	0	0	0	0	0	0	0	1	0	0	0	0	0	0.0	1.09175757E9	3.3420886E7	0.0	0.0	0.0	0.0	0.0	0.0	0.0	1.24465421E9	0.0	0.0	0.0	0.0	0.0	0.0	0.0	0.0	0.0	0.0	1.16107624E8	0.0	0.0	0.0	0.0	0.0	0.0	5.890969E8	0.0	0.0	0.0	0.0	0.0	0.0	0.0	0.0	6.7365658E8	0.0	0.0	0.0	0.0	0.0	0.0	0.0	0.0	0.0	0.0	0.0	0.0	0.0	0.0	0.0	0.0	
sp|P08697|A2AP_HUMAN	P08697	A2AP_HUMAN	SERPINF2	491	Homo sapiens OX=9606	1:Experimental evidence at protein level	Alpha-2-antiplasmin	1.0	0.9828	2	2	1	2	0	0	0	0	0	0	0	0	0	0	0	1	1	0	0	0	0	0	0	0	0	0	0	0	0	0	0	0	0	0	0	0	0	0	0	0	0	0	1	0	0	0	0	0	0	0	0	0	0	0	0	0	0	0	0	0	0	0	0	0	0	0	0	0	0	1	1	0	0	0	0	0	0	0	0	0	0	0	0	0	0	0.0	9320497.0	2.4968328E7	0.0	0.0	0.0	0.0	0.0	0.0	0.0	0.0	3.0105364E7	9.576768E7	0.0	0.0	0.0	0.0	0.0	0.0	0.0	0.0	0.0	0.0	0.0	0.0	0.0	0.0	0.0	0.0	0.0	0.0	0.0	0.0	0.0	0.0	0.0	0.0	0.0	0.0	0.0	0.0	0.0	0.0	0.0	0.0	0.0	0.0	0.0	0.0	0.0	0.0	0.0	0.0	0.0	
sp|P09871|C1S_HUMAN	P09871	C1S_HUMAN	C1S	688	Homo sapiens OX=9606	1:Experimental evidence at protein level	Complement C1s subcomponent	1.0	0.9969	8	38	38	38	8	3	1	1	0	0	0	0	0	6	6	1	0	0	0	0	0	0	4	6	2	0	0	0	0	0	0	8	3	1	1	0	0	0	0	0	6	6	1	0	0	0	0	0	0	4	6	2	0	0	0	0	0	0	8	3	1	1	0	0	0	0	0	6	6	1	0	0	0	0	0	0	4	6	2	0	0	0	0	0	0	1.90963213E9	1.95690854E9	1.46574496E8	1.04301E8	0.0	0.0	0.0	0.0	0.0	1.1940032E9	2.16843648E9	8.485241E8	8455381.0	0.0	0.0	0.0	0.0	0.0	9.8316877E8	1.1861257E9	2.60206256E8	0.0	0.0	0.0	0.0	0.0	0.0	1.73929562E9	3.90638976E8	6.6331256E7	0.0	0.0	0.0	0.0	0.0	0.0	1.99127424E9	7.1018362E8	1.89071856E8	0.0	0.0	0.0	0.0	0.0	0.0	2.11833472E9	4.9450128E8	1.56121328E8	0.0	0.0	0.0	0.0	0.0	0.0	
sp|P0C0L5|CO4B_HUMAN	P0C0L5	CO4B_HUMAN	C4B_2	1744	Homo sapiens OX=9606	1:Experimental evidence at protein level	Complement C4-B	1.0	0.9826	11	34	4	34	5	4	3	0	0	0	0	0	0	3	5	1	0	0	0	0	0	0	2	7	2	1	0	1	0	0	0	2	0	0	0	0	0	0	0	0	2	0	0	0	0	0	0	0	0	0	0	0	0	0	0	0	0	0	5	4	3	0	0	0	0	0	0	3	5	1	0	0	0	0	0	0	2	7	2	1	0	1	0	0	0	7.0613978E8	3.52328602E9	2.99595162E9	0.0	0.0	0.0	0.0	0.0	0.0	6.2694496E8	1.27442496E9	6.3047656E7	3.4759116E7	0.0	0.0	0.0	0.0	0.0	2.1405408E8	3.28845952E9	4.2080896E9	2.2912694E7	0.0	4.5749252E7	0.0	0.0	0.0	4.77628704E8	7.3414899E8	5.27661152E8	0.0	0.0	0.0	0.0	0.0	0.0	3.752536E8	5.6795642E8	0.0	1.9076288E7	0.0	0.0	0.0	0.0	0.0	4.33291616E8	7.0005978E8	1.48362022E9	0.0	0.0	0.0	0.0	0.0	0.0	
sp|P0DOY2|IGLC2_HUMAN	P0DOY2	IGLC2_HUMAN	IGLC2	106	Homo sapiens OX=9606	1:Experimental evidence at protein level	Immunoglobulin lambda constant 2	1.0	0.9987	4	30	0	30	2	4	6	0	0	0	0	0	0	1	3	3	0	0	0	0	0	0	3	3	3	2	0	0	0	0	0	0	0	0	0	0	0	0	0	0	0	0	0	0	0	0	0	0	0	0	0	0	0	0	0	0	0	0	2	4	6	0	0	0	0	0	0	1	3	3	0	0	0	0	0	0	3	3	3	2	0	0	0	0	0	1.21538419E9	4.18952038E9	8.3968896E8	0.0	0.0	0.0	0.0	0.0	0.0	4.17851104E8	3.95146342E9	9.1399187E8	1.53094496E8	0.0	0.0	0.0	0.0	0.0	8.4093376E8	2.99746765E9	8.4216858E8	6.296516E7	0.0	0.0	0.0	0.0	0.0	1.09907392E9	9.7136742E8	2.38373248E8	0.0	0.0	0.0	0.0	0.0	0.0	0.0	1.7992041E9	3.45445472E8	3.30319808E8	0.0	0.0	0.0	0.0	0.0	5.7354848E8	1.4707255E9	4.39877344E8	0.0	0.0	0.0	0.0	0.0	0.0	sp|P0DOY3|IGLC3_HUMAN
sp|P0DTE1|HV383_HUMAN	P0DTE1	HV383_HUMAN	IGHV3-38-3	115	Homo sapiens OX=9606	1:Experimental evidence at protein level	Probable non-functional immunoglobulin heavy variable 3-38-3	0.97	0.9681	1	8	8	8	0	0	1	0	0	0	0	0	0	0	0	1	1	1	0	0	0	0	0	1	1	1	1	0	0	0	0	0	0	1	0	0	0	0	0	0	0	0	1	1	1	0	0	0	0	0	1	1	1	1	0	0	0	0	0	0	1	0	0	0	0	0	0	0	0	1	1	1	0	0	0	0	0	1	1	1	1	0	0	0	0	0.0	0.0	3.88460608E8	0.0	0.0	0.0	0.0	0.0	0.0	0.0	0.0	1.64724301E9	2.34306896E8	3.8258528E7	0.0	0.0	0.0	0.0	0.0	1.49110112E8	1.10390054E9	2.39325872E8	2.9500128E7	0.0	0.0	0.0	0.0	0.0	0.0	0.0	0.0	0.0	0.0	0.0	0.0	0.0	0.0	0.0	0.0	0.0	0.0	0.0	0.0	0.0	0.0	0.0	0.0	0.0	0.0	0.0	0.0	0.0	0.0	0.0	
sp|P10909-2|CLUS_HUMAN	P10909-2	CLUS_HUMAN	CLU	501	Homo sapiens OX=9606		Isoform 2 of Clusterin	1.0	0.9949	4	7	0	7	1	0	0	1	0	0	0	0	0	1	0	0	1	0	0	0	0	0	1	2	0	0	0	0	0	0	0	0	0	0	0	0	0	0	0	0	0	0	0	0	0	0	0	0	0	0	0	0	0	0	0	0	0	0	1	0	0	1	0	0	0	0	0	1	0	0	1	0	0	0	0	0	1	2	0	0	0	0	0	0	0	8.4268264E7	0.0	8.835943E8	2.6732532E7	0.0	0.0	0.0	0.0	0.0	1.6302128E8	0.0	2.36304256E9	2.9884028E7	0.0	0.0	0.0	0.0	0.0	1.60530816E8	2.37905485E9	0.0	0.0	0.0	0.0	0.0	0.0	0.0	0.0	0.0	0.0	0.0	0.0	0.0	0.0	0.0	0.0	0.0	0.0	0.0	0.0	0.0	0.0	0.0	0.0	0.0	0.0	0.0	0.0	0.0	0.0	0.0	0.0	0.0	0.0	sp|P10909-4|CLUS_HUMAN, sp|P10909-5|CLUS_HUMAN, sp|P10909-6|CLUS_HUMAN, sp|P10909|CLUS_HUMAN
sp|P12111-2|CO6A3_HUMAN	P12111-2	CO6A3_HUMAN	COL6A3	2971	Homo sapiens OX=9606		Isoform 2 of Collagen alpha-3(VI) chain	0.98	0.9256	1	1	0	1	1	0	0	0	0	0	0	0	0	0	0	0	0	0	0	0	0	0	0	0	0	0	0	0	0	0	0	0	0	0	0	0	0	0	0	0	0	0	0	0	0	0	0	0	0	0	0	0	0	0	0	0	0	0	1	0	0	0	0	0	0	0	0	0	0	0	0	0	0	0	0	0	0	0	0	0	0	0	0	0	0	2.4660688E7	0.0	0.0	0.0	0.0	0.0	0.0	0.0	0.0	0.0	0.0	0.0	0.0	0.0	0.0	0.0	0.0	0.0	0.0	0.0	0.0	0.0	0.0	0.0	0.0	0.0	0.0	0.0	0.0	0.0	0.0	0.0	0.0	0.0	0.0	0.0	0.0	0.0	0.0	0.0	0.0	0.0	0.0	0.0	0.0	0.0	0.0	0.0	0.0	0.0	0.0	0.0	0.0	0.0	sp|P12111-4|CO6A3_HUMAN, sp|P12111|CO6A3_HUMAN
sp|P13671|CO6_HUMAN	P13671	CO6_HUMAN	C6	934	Homo sapiens OX=9606	1:Experimental evidence at protein level	Complement component C6	1.0	0.9472	2	3	3	3	1	1	0	0	0	0	0	0	0	0	0	0	0	0	0	0	0	0	0	1	0	0	0	0	0	0	0	1	1	0	0	0	0	0	0	0	0	0	0	0	0	0	0	0	0	0	1	0	0	0	0	0	0	0	1	1	0	0	0	0	0	0	0	0	0	0	0	0	0	0	0	0	0	1	0	0	0	0	0	0	0	7.7329672E7	6.8810944E7	0.0	0.0	0.0	0.0	0.0	0.0	0.0	0.0	0.0	0.0	0.0	0.0	0.0	0.0	0.0	0.0	0.0	9.4321712E7	0.0	0.0	0.0	0.0	0.0	0.0	0.0	0.0	0.0	0.0	0.0	0.0	0.0	0.0	0.0	0.0	0.0	0.0	0.0	0.0	0.0	0.0	0.0	0.0	0.0	0.0	0.0	0.0	0.0	0.0	0.0	0.0	0.0	0.0	
sp|P19823|ITIH2_HUMAN	P19823	ITIH2_HUMAN	ITIH2	946	Homo sapiens OX=9606	1:Experimental evidence at protein level	Inter-alpha-trypsin inhibitor heavy chain H2	1.0	0.9735	2	7	7	7	0	1	1	0	0	0	0	0	0	2	2	0	0	0	0	0	0	0	0	1	0	0	0	0	0	0	0	0	1	1	0	0	0	0	0	0	2	2	0	0	0	0	0	0	0	0	1	0	0	0	0	0	0	0	0	1	1	0	0	0	0	0	0	2	2	0	0	0	0	0	0	0	0	1	0	0	0	0	0	0	0	0.0	1.65485088E8	2.0896906E7	0.0	0.0	0.0	0.0	0.0	0.0	1.54871856E8	1.77891552E8	0.0	0.0	0.0	0.0	0.0	0.0	0.0	0.0	8.9973536E7	0.0	0.0	0.0	0.0	0.0	0.0	0.0	0.0	0.0	0.0	0.0	0.0	0.0	0.0	0.0	0.0	0.0	0.0	0.0	0.0	0.0	0.0	0.0	0.0	0.0	0.0	0.0	0.0	0.0	0.0	0.0	0.0	0.0	0.0	
sp|P19827|ITIH1_HUMAN	P19827	ITIH1_HUMAN	ITIH1	911	Homo sapiens OX=9606	1:Experimental evidence at protein level	Inter-alpha-trypsin inhibitor heavy chain H1	1.0	0.9435	1	1	1	1	0	0	0	0	0	0	0	0	0	0	0	1	0	0	0	0	0	0	0	0	0	0	0	0	0	0	0	0	0	0	0	0	0	0	0	0	0	0	1	0	0	0	0	0	0	0	0	0	0	0	0	0	0	0	0	0	0	0	0	0	0	0	0	0	0	1	0	0	0	0	0	0	0	0	0	0	0	0	0	0	0	0.0	0.0	0.0	0.0	0.0	0.0	0.0	0.0	0.0	0.0	0.0	4.858892E7	0.0	0.0	0.0	0.0	0.0	0.0	0.0	0.0	0.0	0.0	0.0	0.0	0.0	0.0	0.0	0.0	0.0	0.0	0.0	0.0	0.0	0.0	0.0	0.0	0.0	0.0	0.0	0.0	0.0	0.0	0.0	0.0	0.0	0.0	0.0	0.0	0.0	0.0	0.0	0.0	0.0	0.0	
sp|P20742-2|PZP_HUMAN	P20742-2	PZP_HUMAN	PZP	1268	Homo sapiens OX=9606		Isoform 2 of Pregnancy zone protein	1.0	0.9881	7	23	0	30	0	2	4	0	0	0	0	0	0	0	2	4	2	0	0	0	0	0	0	1	4	4	0	0	0	0	0	0	0	0	0	0	0	0	0	0	0	0	0	0	0	0	0	0	0	0	0	0	0	0	0	0	0	0	0	2	7	0	0	0	0	0	0	0	2	5	4	0	0	0	0	0	0	1	5	4	0	0	0	0	0	0.0	1.67330074E9	4.15975552E8	0.0	0.0	0.0	0.0	0.0	0.0	0.0	2.25266893E9	5.103742E9	4.88749024E8	0.0	0.0	0.0	0.0	0.0	0.0	1.58315104E8	1.16308019E9	7.0614291E8	0.0	0.0	0.0	0.0	0.0	0.0	0.0	6.1020192E8	0.0	0.0	0.0	0.0	0.0	0.0	0.0	1.86900954E9	2.07368102E9	1.54227648E8	0.0	0.0	0.0	0.0	0.0	0.0	0.0	1.26466483E9	2.91758432E8	0.0	0.0	0.0	0.0	0.0	sp|P20742|PZP_HUMAN
sp|P20851-2|C4BPB_HUMAN	P20851-2	C4BPB_HUMAN	C4BPB	251	Homo sapiens OX=9606		Isoform 2 of C4b-binding protein beta chain	1.0	0.9777	1	6	0	6	0	1	0	0	0	0	0	0	0	1	1	0	0	0	0	0	0	0	2	1	0	0	0	0	0	0	0	0	0	0	0	0	0	0	0	0	0	0	0	0	0	0	0	0	0	0	0	0	0	0	0	0	0	0	0	1	0	0	0	0	0	0	0	1	1	0	0	0	0	0	0	0	2	1	0	0	0	0	0	0	0	0.0	8.0238704E7	2.2305088E8	0.0	0.0	0.0	0.0	0.0	0.0	1.8915824E7	3.34391904E8	2.10427952E8	7.2365928E7	0.0	0.0	0.0	0.0	0.0	1.01904608E8	8.6461952E7	0.0	0.0	0.0	0.0	0.0	0.0	0.0	0.0	0.0	0.0	0.0	0.0	0.0	0.0	0.0	0.0	0.0	0.0	0.0	0.0	0.0	0.0	0.0	0.0	0.0	0.0	0.0	0.0	0.0	0.0	0.0	0.0	0.0	0.0	sp|P20851|C4BPB_HUMAN
sp|P23142-2|FBLN1_HUMAN	P23142-2	FBLN1_HUMAN	FBLN1	566	Homo sapiens OX=9606		Isoform A of Fibulin-1	0.99	0.9188	1	2	0	2	0	0	0	0	0	0	0	0	0	0	0	0	0	0	0	0	0	0	1	1	0	0	0	0	0	0	0	0	0	0	0	0	0	0	0	0	0	0	0	0	0	0	0	0	0	0	0	0	0	0	0	0	0	0	0	0	0	0	0	0	0	0	0	0	0	0	0	0	0	0	0	0	1	1	0	0	0	0	0	0	0	0.0	0.0	0.0	0.0	0.0	0.0	0.0	0.0	0.0	0.0	0.0	0.0	0.0	0.0	0.0	0.0	0.0	0.0	2.1788254E7	1.3632872E7	0.0	0.0	0.0	0.0	0.0	0.0	0.0	0.0	0.0	0.0	0.0	0.0	0.0	0.0	0.0	0.0	0.0	0.0	0.0	0.0	0.0	0.0	0.0	0.0	0.0	0.0	0.0	0.0	0.0	0.0	0.0	0.0	0.0	0.0	sp|P23142-3|FBLN1_HUMAN, sp|P23142-4|FBLN1_HUMAN, sp|P23142|FBLN1_HUMAN
sp|P27169|PON1_HUMAN	P27169	PON1_HUMAN	PON1	355	Homo sapiens OX=9606	1:Experimental evidence at protein level	Serum paraoxonase/arylesterase 1	1.0	0.9959	3	3	3	3	0	0	0	1	0	0	0	0	0	0	0	2	0	0	0	0	0	0	0	0	0	0	0	0	0	0	0	0	0	0	1	0	0	0	0	0	0	0	2	0	0	0	0	0	0	0	0	0	0	0	0	0	0	0	0	0	0	1	0	0	0	0	0	0	0	2	0	0	0	0	0	0	0	0	0	0	0	0	0	0	0	0.0	0.0	0.0	2.896296E7	0.0	0.0	0.0	0.0	0.0	0.0	0.0	1.75359776E8	0.0	0.0	0.0	0.0	0.0	0.0	0.0	0.0	0.0	0.0	0.0	0.0	0.0	0.0	0.0	0.0	0.0	0.0	0.0	0.0	0.0	0.0	0.0	0.0	0.0	0.0	0.0	0.0	0.0	0.0	0.0	0.0	0.0	0.0	0.0	0.0	0.0	0.0	0.0	0.0	0.0	0.0	
sp|P35527|K1C9_HUMAN	P35527	K1C9_HUMAN	KRT9	623	Homo sapiens OX=9606	1:Experimental evidence at protein level	Keratin, type I cytoskeletal 9	1.0	0.9758	2	2	1	2	0	0	0	0	0	0	0	0	1	0	0	1	0	0	0	0	0	0	0	0	0	0	0	0	0	0	0	0	0	0	0	0	0	0	0	0	0	0	1	0	0	0	0	0	0	0	0	0	0	0	0	0	0	0	0	0	0	0	0	0	0	0	1	0	0	1	0	0	0	0	0	0	0	0	0	0	0	0	0	0	0	0.0	0.0	0.0	0.0	0.0	0.0	0.0	0.0	1.3846596E7	0.0	0.0	3.8813888E7	0.0	0.0	0.0	0.0	0.0	0.0	0.0	0.0	0.0	0.0	0.0	0.0	0.0	0.0	0.0	0.0	0.0	0.0	0.0	0.0	0.0	0.0	0.0	0.0	0.0	0.0	0.0	0.0	0.0	0.0	0.0	0.0	0.0	0.0	0.0	0.0	0.0	0.0	0.0	0.0	0.0	0.0	
sp|P35908|K22E_HUMAN	P35908	K22E_HUMAN	KRT2	639	Homo sapiens OX=9606	1:Experimental evidence at protein level	Keratin, type II cytoskeletal 2 epidermal	1.0	0.9806	2	5	5	5	2	0	0	0	0	0	0	0	0	2	0	1	0	0	0	0	0	0	0	0	0	0	0	0	0	0	0	2	0	0	0	0	0	0	0	0	2	0	1	0	0	0	0	0	0	0	0	0	0	0	0	0	0	0	2	0	0	0	0	0	0	0	0	2	0	1	0	0	0	0	0	0	0	0	0	0	0	0	0	0	0	2.10315552E8	1.6065072E7	0.0	0.0	0.0	0.0	0.0	0.0	0.0	3.39882272E8	0.0	6.1497648E7	0.0	0.0	0.0	0.0	0.0	0.0	0.0	0.0	0.0	0.0	0.0	0.0	0.0	0.0	0.0	1.33974464E8	0.0	0.0	0.0	0.0	0.0	0.0	0.0	0.0	2.22942112E8	0.0	0.0	0.0	0.0	0.0	0.0	0.0	0.0	0.0	0.0	0.0	0.0	0.0	0.0	0.0	0.0	0.0	
sp|P43652|AFAM_HUMAN	P43652	AFAM_HUMAN	AFM	599	Homo sapiens OX=9606	1:Experimental evidence at protein level	Afamin	0.5	0.929	1	1	1	1	0	0	0	0	0	0	0	0	0	0	0	0	0	0	0	0	0	0	0	1	0	0	0	0	0	0	0	0	0	0	0	0	0	0	0	0	0	0	0	0	0	0	0	0	0	0	1	0	0	0	0	0	0	0	0	0	0	0	0	0	0	0	0	0	0	0	0	0	0	0	0	0	0	1	0	0	0	0	0	0	0	0.0	0.0	0.0	0.0	0.0	0.0	0.0	0.0	0.0	0.0	0.0	0.0	0.0	0.0	0.0	0.0	0.0	0.0	0.0	1.14970936E8	0.0	0.0	0.0	0.0	0.0	0.0	0.0	0.0	0.0	0.0	0.0	0.0	0.0	0.0	0.0	0.0	0.0	0.0	0.0	0.0	0.0	0.0	0.0	0.0	0.0	0.0	0.0	0.0	0.0	0.0	0.0	0.0	0.0	0.0	
sp|P48740|MASP1_HUMAN	P48740	MASP1_HUMAN	MASP1	699	Homo sapiens OX=9606	1:Experimental evidence at protein level	Mannan-binding lectin serine protease 1	1.0	0.9835	1	3	3	3	0	0	0	1	0	0	0	0	0	0	0	0	0	0	0	0	0	0	0	0	1	1	0	0	0	0	0	0	0	0	1	0	0	0	0	0	0	0	0	0	0	0	0	0	0	0	0	1	1	0	0	0	0	0	0	0	0	1	0	0	0	0	0	0	0	0	0	0	0	0	0	0	0	0	1	1	0	0	0	0	0	0.0	0.0	0.0	6.1010408E7	0.0	0.0	0.0	0.0	0.0	0.0	0.0	0.0	0.0	0.0	0.0	0.0	0.0	0.0	0.0	0.0	0.0	0.0	0.0	0.0	0.0	0.0	0.0	0.0	0.0	0.0	0.0	0.0	0.0	0.0	0.0	0.0	0.0	0.0	0.0	0.0	0.0	0.0	0.0	0.0	0.0	0.0	0.0	0.0	0.0	0.0	0.0	0.0	0.0	0.0	
sp|P55058-2|PLTP_HUMAN	P55058-2	PLTP_HUMAN	PLTP	441	Homo sapiens OX=9606		Isoform 2 of Phospholipid transfer protein	1.0	0.9864	2	7	0	7	0	0	0	1	0	0	0	0	0	0	0	3	1	0	0	0	0	0	0	0	0	2	0	0	0	0	0	0	0	0	0	0	0	0	0	0	0	0	0	0	0	0	0	0	0	0	0	0	0	0	0	0	0	0	0	0	0	1	0	0	0	0	0	0	0	3	1	0	0	0	0	0	0	0	0	2	0	0	0	0	0	0.0	0.0	1.8327084E7	4.6839068E7	0.0	0.0	0.0	0.0	0.0	0.0	0.0	1.37504032E8	1.68208208E8	0.0	0.0	0.0	0.0	0.0	0.0	0.0	0.0	1.14517728E8	0.0	0.0	0.0	0.0	0.0	0.0	0.0	0.0	0.0	0.0	0.0	0.0	0.0	0.0	0.0	0.0	5.5441468E7	1.15848784E8	0.0	0.0	0.0	0.0	0.0	0.0	0.0	0.0	7.9606456E7	0.0	0.0	0.0	0.0	0.0	sp|P55058-3|PLTP_HUMAN, sp|P55058-4|PLTP_HUMAN, sp|P55058|PLTP_HUMAN
sp|P80748|LV321_HUMAN	P80748	LV321_HUMAN	IGLV3-21	117	Homo sapiens OX=9606	1:Experimental evidence at protein level	Immunoglobulin lambda variable 3-21	1.0	0.9987	2	8	7	8	0	1	1	1	0	0	0	0	0	0	1	0	2	0	0	0	0	0	0	1	0	1	0	0	0	0	0	0	1	1	1	0	0	0	0	0	0	1	0	1	0	0	0	0	0	0	1	0	1	0	0	0	0	0	0	1	1	1	0	0	0	0	0	0	1	0	2	0	0	0	0	0	0	1	0	1	0	0	0	0	0	0.0	5.5488496E7	1.58137776E8	2.8512696E7	0.0	0.0	0.0	0.0	0.0	0.0	2.33619056E8	0.0	3.52806272E9	0.0	0.0	0.0	0.0	0.0	0.0	1.8524776E8	0.0	9.3692376E7	0.0	0.0	0.0	0.0	0.0	0.0	0.0	0.0	0.0	0.0	0.0	0.0	0.0	0.0	0.0	0.0	0.0	0.0	0.0	0.0	0.0	0.0	0.0	0.0	0.0	0.0	0.0	0.0	0.0	0.0	0.0	0.0	
sp|Q06033-2|ITIH3_HUMAN	Q06033-2	ITIH3_HUMAN	ITIH3	886	Homo sapiens OX=9606		Isoform 2 of Inter-alpha-trypsin inhibitor heavy chain H3	1.0	0.9911	3	11	0	11	2	0	0	1	0	0	0	0	0	1	0	1	1	0	0	0	0	0	3	0	1	1	0	0	0	0	0	0	0	0	0	0	0	0	0	0	0	0	0	0	0	0	0	0	0	0	0	0	0	0	0	0	0	0	2	0	0	1	0	0	0	0	0	1	0	1	1	0	0	0	0	0	3	0	1	1	0	0	0	0	0	3.08306304E8	0.0	0.0	2.9112788E7	0.0	0.0	0.0	0.0	0.0	7.2335168E7	0.0	9.8929824E7	2.9745942E7	0.0	0.0	0.0	0.0	0.0	3.8809744E8	0.0	0.0	2.7621008E7	0.0	0.0	0.0	0.0	0.0	2.49348176E8	0.0	0.0	0.0	0.0	0.0	0.0	0.0	0.0	0.0	0.0	0.0	0.0	0.0	0.0	0.0	0.0	0.0	2.53865616E8	0.0	0.0	0.0	0.0	0.0	0.0	0.0	0.0	sp|Q06033|ITIH3_HUMAN
sp|Q08380|LG3BP_HUMAN	Q08380	LG3BP_HUMAN	LGALS3BP	585	Homo sapiens OX=9606	1:Experimental evidence at protein level	Galectin-3-binding protein	1.0	0.9987	9	33	33	33	0	0	3	2	1	0	0	0	0	0	3	8	5	0	0	0	1	0	0	2	5	3	0	0	0	0	0	0	0	3	2	1	0	0	0	0	0	3	8	5	0	0	0	1	0	0	2	5	3	0	0	0	0	0	0	0	3	2	1	0	0	0	0	0	3	8	5	0	0	0	1	0	0	2	5	3	0	0	0	0	0	0.0	1.1329616E8	1.07376819E9	2.42547808E8	4.3534496E7	0.0	0.0	0.0	0.0	0.0	6.8667072E8	6.7094226E9	1.46213312E9	0.0	0.0	0.0	2.4448012E7	0.0	0.0	4.76516736E8	3.80722208E8	6.9331891E8	0.0	0.0	0.0	0.0	0.0	0.0	1.5773815E9	1.62340752E8	6.0247668E7	0.0	0.0	0.0	0.0	0.0	0.0	3.98883354E9	1.08283878E9	1.46525808E8	0.0	0.0	0.0	0.0	0.0	0.0	2.54470016E9	6.4200429E8	1.35708912E8	0.0	0.0	0.0	0.0	0.0	
sp|Q14520-2|HABP2_HUMAN	Q14520-2	HABP2_HUMAN	HABP2	534	Homo sapiens OX=9606		Isoform 2 of Hyaluronan-binding protein 2	0.99	0.9279	1	1	0	1	0	0	0	1	0	0	0	0	0	0	0	0	0	0	0	0	0	0	0	0	0	0	0	0	0	0	0	0	0	0	0	0	0	0	0	0	0	0	0	0	0	0	0	0	0	0	0	0	0	0	0	0	0	0	0	0	0	1	0	0	0	0	0	0	0	0	0	0	0	0	0	0	0	0	0	0	0	0	0	0	0	0.0	0.0	0.0	6.1560784E7	0.0	0.0	0.0	0.0	0.0	0.0	0.0	0.0	0.0	0.0	0.0	0.0	0.0	0.0	0.0	0.0	0.0	0.0	0.0	0.0	0.0	0.0	0.0	0.0	0.0	0.0	0.0	0.0	0.0	0.0	0.0	0.0	0.0	0.0	0.0	0.0	0.0	0.0	0.0	0.0	0.0	0.0	0.0	0.0	0.0	0.0	0.0	0.0	0.0	0.0	sp|Q14520|HABP2_HUMAN
sp|Q14624-2|ITIH4_HUMAN	Q14624-2	ITIH4_HUMAN	ITIH4	914	Homo sapiens OX=9606		Isoform 2 of Inter-alpha-trypsin inhibitor heavy chain H4	1.0	0.9961	10	26	0	26	3	6	3	0	0	0	0	0	0	1	1	2	2	0	0	0	0	0	1	4	2	1	0	0	0	0	0	0	0	0	0	0	0	0	0	0	0	0	0	0	0	0	0	0	0	0	0	0	0	0	0	0	0	0	3	6	3	0	0	0	0	0	0	1	1	2	2	0	0	0	0	0	1	4	2	1	0	0	0	0	0	3.5254528E8	1.52276864E9	5.02443712E8	0.0	0.0	0.0	0.0	0.0	0.0	5.22293536E8	1.91705664E8	9.8957344E8	1.0235704E8	0.0	0.0	0.0	0.0	0.0	1.02249984E8	7.1153683E8	7.3361114E8	6907724.0	0.0	0.0	0.0	0.0	0.0	1.82320784E8	1.92380704E8	3.61074016E8	0.0	0.0	0.0	0.0	0.0	0.0	0.0	0.0	1.8062912E9	1.05995264E8	0.0	0.0	0.0	0.0	0.0	0.0	3.32460832E8	9.0058195E8	0.0	0.0	0.0	0.0	0.0	0.0	sp|Q14624-3|ITIH4_HUMAN, sp|Q14624|ITIH4_HUMAN
sp|Q15485|FCN2_HUMAN	Q15485	FCN2_HUMAN	FCN2	313	Homo sapiens OX=9606	1:Experimental evidence at protein level	Ficolin-2	1.0	0.9678	1	3	3	3	0	2	0	0	0	0	0	0	0	0	0	0	0	0	0	0	0	0	0	1	0	0	0	0	0	0	0	0	2	0	0	0	0	0	0	0	0	0	0	0	0	0	0	0	0	0	1	0	0	0	0	0	0	0	0	2	0	0	0	0	0	0	0	0	0	0	0	0	0	0	0	0	0	1	0	0	0	0	0	0	0	0.0	1.33436792E8	0.0	0.0	0.0	0.0	0.0	0.0	0.0	0.0	0.0	0.0	0.0	0.0	0.0	0.0	0.0	0.0	0.0	1.46111184E8	0.0	0.0	0.0	0.0	0.0	0.0	0.0	0.0	0.0	0.0	0.0	0.0	0.0	0.0	0.0	0.0	0.0	0.0	0.0	0.0	0.0	0.0	0.0	0.0	0.0	0.0	0.0	0.0	0.0	0.0	0.0	0.0	0.0	0.0	
sp|Q5H9R4|ARMX4_HUMAN	Q5H9R4	ARMX4_HUMAN	ARMCX4	2290	Homo sapiens OX=9606	1:Experimental evidence at protein level	Armadillo repeat-containing X-linked protein 4	0.43	0.9078	1	2	2	2	0	0	0	0	0	0	0	0	0	0	0	0	1	0	0	0	0	0	0	0	0	1	0	0	0	0	0	0	0	0	0	0	0	0	0	0	0	0	0	1	0	0	0	0	0	0	0	0	1	0	0	0	0	0	0	0	0	0	0	0	0	0	0	0	0	0	1	0	0	0	0	0	0	0	0	1	0	0	0	0	0	0.0	0.0	0.0	0.0	0.0	0.0	0.0	0.0	0.0	0.0	0.0	0.0	0.0	0.0	0.0	0.0	0.0	0.0	0.0	0.0	0.0	0.0	0.0	0.0	0.0	0.0	0.0	0.0	0.0	0.0	0.0	0.0	0.0	0.0	0.0	0.0	0.0	0.0	0.0	0.0	0.0	0.0	0.0	0.0	0.0	0.0	0.0	0.0	0.0	0.0	0.0	0.0	0.0	0.0	
sp|Q96IY4-2|CBPB2_HUMAN	Q96IY4-2	CBPB2_HUMAN	CPB2	360	Homo sapiens OX=9606		Isoform 2 of Carboxypeptidase B2	0.45	0.9153	1	2	0	2	0	0	0	0	0	0	0	0	0	0	0	0	0	0	0	0	0	0	1	1	0	0	0	0	0	0	0	0	0	0	0	0	0	0	0	0	0	0	0	0	0	0	0	0	0	0	0	0	0	0	0	0	0	0	0	0	0	0	0	0	0	0	0	0	0	0	0	0	0	0	0	0	1	1	0	0	0	0	0	0	0	0.0	2.0152212E7	0.0	0.0	0.0	0.0	0.0	0.0	0.0	0.0	0.0	0.0	0.0	0.0	0.0	0.0	0.0	0.0	9.7539632E7	4.4827844E7	0.0	0.0	0.0	0.0	0.0	0.0	0.0	0.0	0.0	0.0	0.0	0.0	0.0	0.0	0.0	0.0	0.0	0.0	0.0	0.0	0.0	0.0	0.0	0.0	0.0	0.0	0.0	0.0	0.0	0.0	0.0	0.0	0.0	0.0	sp|Q96IY4|CBPB2_HUMAN
sp|Q9HBB8-2|CDHR5_HUMAN	Q9HBB8-2	CDHR5_HUMAN	CDHR5	651	Homo sapiens OX=9606		Isoform 2 of Cadherin-related family member 5	0.44	0.9132	1	1	0	1	0	0	0	1	0	0	0	0	0	0	0	0	0	0	0	0	0	0	0	0	0	0	0	0	0	0	0	0	0	0	0	0	0	0	0	0	0	0	0	0	0	0	0	0	0	0	0	0	0	0	0	0	0	0	0	0	0	1	0	0	0	0	0	0	0	0	0	0	0	0	0	0	0	0	0	0	0	0	0	0	0	0.0	0.0	0.0	9235625.0	0.0	0.0	0.0	0.0	0.0	0.0	0.0	0.0	0.0	0.0	0.0	0.0	0.0	0.0	0.0	0.0	0.0	0.0	0.0	0.0	0.0	0.0	0.0	0.0	0.0	0.0	0.0	0.0	0.0	0.0	0.0	0.0	0.0	0.0	0.0	0.0	0.0	0.0	0.0	0.0	0.0	0.0	0.0	0.0	0.0	0.0	0.0	0.0	0.0	0.0	sp|Q9HBB8-4|CDHR5_HUMAN, sp|Q9HBB8|CDHR5_HUMAN
